Дата;Хозяева;голы_хоз;голы_гост;Гости;голы_хоз_перерыв;голы_гост_перерыв;схема хозяева;схема гостей;владение хозяева;владение гости;удары хозяева;удары гости;удары в створ хозяева;удары в створ гости;угловые хозяева;угловые гости;фолы хозяева;фолы гости;ЖК хозяева;ЖК гости;КК хозяева;КК гости
2021-07-23;Rostov;0;2;Dinamo Moscow;0;2;;;0.56;0.44;9;16;4;8;3;7;8;19;2;3;0;0
2021-07-24;Khimki;1;3;Zenit;1;1;;;0.41;0.59;18;13;6;7;6;8;8;6;0;1;0;0
2021-07-24;Lokomotiv M.;3;1;Arsenal Tula;0;1;;;0.75;0.25;16;4;8;1;13;6;15;9;1;2;0;1
2021-07-24;Rubin Kazan;1;0;Spartak Moscow;0;0;;;0.48;0.52;8;13;5;7;3;10;14;16;6;4;0;0
2021-07-25;Ural;0;3;FC Krasnodar;0;0;;;0.5;0.5;9;17;4;6;4;6;13;11;2;2;0;0
2021-07-25;Krylya Sovetov;1;2;Akhmat Grozny;0;2;;;0.64;0.36;16;14;4;7;6;4;5;13;2;3;0;0
2021-07-25;CSKA Moscow;1;0;Ufa;0;0;;;0.48;0.52;18;13;7;3;13;2;8;6;0;0;0;0
2021-07-26;Nizhny Novgorod;1;0;PFC Sochi;0;0;;;0.44;0.56;6;17;2;5;2;8;11;12;2;1;0;0
2021-07-30;Arsenal Tula;0;3;Rubin Kazan;0;3;;;0.44;0.56;13;18;6;6;9;2;14;6;2;2;0;0
2021-07-30;Krylya Sovetov;0;1;Spartak Moscow;0;0;;;0.47;0.53;7;16;0;8;7;11;6;10;3;2;0;0
2021-07-31;Ufa;2;3;Dinamo Moscow;0;2;;;0.56;0.44;9;17;4;5;4;4;12;8;4;3;1;0
2021-07-31;CSKA Moscow;1;2;Lokomotiv M.;1;1;;;0.43;0.57;17;12;5;3;6;10;8;12;3;3;0;0
2021-08-01;Ural;1;1;Nizhny Novgorod;1;0;;;0.57;0.43;10;6;5;1;5;5;18;13;0;0;0;0
2021-08-01;FC Krasnodar;0;1;Khimki;0;0;;;0.62;0.38;12;13;6;9;6;4;19;17;5;5;0;0
2021-08-01;Rostov;2;4;Zenit;1;2;;;0.46;0.54;13;19;2;8;2;4;6;9;3;3;0;0
2021-08-02;Akhmat Grozny;1;2;PFC Sochi;0;1;;;0.6;0.4;17;9;2;4;4;2;10;11;1;3;0;0
2021-08-06;Ufa;1;1;Lokomotiv M.;1;0;;;0.51;0.49;11;8;4;3;5;2;18;17;4;4;0;1
2021-08-06;Monaco;1;1;Nantes;1;1;;;0.751;0.249;15;5;3;1;5;2;6;14;0;0;0;0
2021-08-07;Zenit;3;2;FC Krasnodar;3;1;;;0.4;0.6;9;17;6;4;1;7;12;15;2;1;0;0
2021-08-07;Arsenal Tula;2;1;Krylya Sovetov;2;0;;;0.44;0.56;12;17;5;2;3;6;8;12;1;1;0;0
2021-08-07;Spartak Moscow;1;2;Nizhny Novgorod;0;2;;;0.69;0.31;20;4;5;3;6;2;10;9;2;2;0;0
2021-08-07;Lyon;1;1;Brest;0;1;;;0.69;0.31;17;13;4;8;9;4;10;12;1;1;0;0
2021-08-07;Troyes;1;2;Paris SG;1;2;;;0.431;0.569;15;12;7;3;9;1;3;15;1;4;0;0
2021-08-08;Khimki;1;1;Rostov;0;1;;;0.53;0.47;10;9;3;5;6;4;16;12;3;3;0;0
2021-08-08;Dinamo Moscow;2;1;CSKA Moscow;0;1;;;0.46;0.54;18;9;6;3;5;1;8;10;3;1;0;0
2021-08-08;Rubin Kazan;2;1;Akhmat Grozny;0;1;;;0.65;0.35;10;10;4;7;6;4;12;14;4;4;0;1
2021-08-08;Rennes;1;1;Lens;1;1;;;0.598;0.402;10;11;2;6;3;9;10;14;0;2;0;0
2021-08-08;Bordeaux;0;2;Clermont;0;0;;;0.443;0.557;10;19;6;10;5;10;13;9;1;0;0;0
2021-08-08;Nice;0;0;Reims;0;0;;;0.614;0.386;12;5;2;0;4;2;10;8;1;1;0;0
2021-08-08;Saint-Etienne;1;1;Lorient;0;0;;;0.612;0.388;20;12;3;3;8;4;10;14;2;3;0;0
2021-08-08;Strasbourg;0;2;Angers;0;0;;;0.571;0.429;7;9;1;2;5;4;18;18;2;3;0;0
2021-08-08;Metz;3;3;Lille;2;1;;;0.384;0.616;12;17;5;6;4;5;9;10;1;2;0;0
2021-08-08;Montpellier;2;3;Marseille;2;0;;;0.406;0.594;8;21;1;7;6;11;10;5;0;1;0;0
2021-08-09;PFC Sochi;2;0;Ural;1;0;;;0.46;0.54;13;11;2;2;6;2;8;9;1;2;0;0
2021-08-13;Brentford;2;0;Arsenal;1;0;352;451;0.353;0.647;8;22;3;4;2;5;12;8;0;0;0;0
2021-08-13;Monchengladbach;1;1;Bayern Munich;1;1;451;451;0.42;0.58;11;20;5;10;3;8;7;4;2;0;0;0
2021-08-13;Valencia;1;0;Getafe;1;0;442;442;0.264;0.736;4;22;0;0;1;9;24;15;6;1;1;1
2021-08-13;Lorient;1;0;Monaco;1;0;;;0.278;0.722;2;12;2;3;0;6;17;15;3;2;0;0
2021-08-14;Manchester Utd;5;1;Leeds Utd;1;0;451;451;0.486;0.514;16;10;8;3;5;4;11;9;1;2;0;0
2021-08-14;Burnley;1;2;Brighton;1;0;442;451;0.359;0.641;14;14;3;8;7;6;10;7;2;1;0;0
2021-08-14;Chelsea;3;0;Crystal Palace;2;0;343;442;0.617;0.383;13;4;6;1;5;2;15;11;0;0;0;0
2021-08-14;Everton;3;1;Southampton;0;1;451;442;0.481;0.519;14;6;6;3;6;8;13;15;2;0;0;0
2021-08-14;Leicester City;1;0;Wolverhampton;1;0;451;343;0.563;0.437;9;17;5;3;5;4;6;10;1;2;0;0
2021-08-14;Watford;3;2;Aston Villa;2;0;451;451;0.379;0.621;13;11;7;2;2;4;18;13;3;1;0;0
2021-08-14;Norwich City;0;3;Liverpool;0;1;433;433;0.501;0.499;14;19;3;8;3;11;4;14;1;1;0;0
2021-08-14;Bielefeld;0;0;Freiburg;0;0;442;343;0.48;0.52;10;14;4;6;4;9;13;10;3;4;0;0
2021-08-14;FC Augsburg;0;4;Hoffenheim;0;1;451;442;0.46;0.54;7;15;0;8;6;5;8;9;1;2;0;0
2021-08-14;Stuttgart;5;1;Greuther Furth;2;0;361;352;0.62;0.38;30;8;15;4;9;2;11;8;0;1;0;0
2021-08-14;Union Berlin;1;1;Leverkusen;1;1;352;451;0.36;0.64;8;16;5;4;1;6;13;5;0;1;0;0
2021-08-14;Wolfsburg;1;0;Bochum;1;0;451;451;0.57;0.43;21;7;10;1;5;2;9;7;0;2;0;1
2021-08-14;Dortmund;5;2;E. Frankfurt;3;1;433;461;0.6;0.4;12;12;7;3;7;3;5;14;0;0;0;0
2021-08-14;Cadiz;1;1;Levante;0;1;451;442;0.431;0.569;7;12;0;0;2;4;10;16;1;5;0;0
2021-08-14;Mallorca;1;1;Real Betis;1;0;433;451;0.342;0.658;6;9;0;0;4;3;12;18;1;3;0;0
2021-08-14;Alaves;1;4;Real Madrid;0;0;442;433;0.407;0.593;11;19;0;0;0;4;14;10;1;2;0;0
2021-08-14;Osasuna;0;0;Espanyol;0;0;442;451;0.529;0.471;14;10;0;0;4;6;18;12;3;3;0;0
2021-08-14;Nizhny Novgorod;1;2;Ufa;0;0;;;0.58;0.42;14;9;4;7;9;3;12;6;4;4;0;0
2021-08-14;Spartak Moscow;1;0;Ural;1;0;;;0.47;0.53;11;7;6;1;5;4;13;11;2;3;0;0
2021-08-14;Akhmat Grozny;2;1;Dinamo Moscow;2;0;;;0.4;0.6;7;19;5;3;1;3;7;14;4;5;0;0
2021-08-14;Rostov;1;3;CSKA Moscow;0;2;;;0.48;0.52;13;14;4;9;4;3;4;4;1;1;0;0
2021-08-14;Lille;0;4;Nice;0;3;;;0.621;0.379;11;11;2;7;8;7;9;13;3;1;0;0
2021-08-14;Paris SG;4;2;Strasbourg;3;0;;;0.65;0.35;11;8;5;2;4;4;6;18;1;2;0;1
2021-08-15;Newcastle Utd;2;4;West Ham Utd;2;1;532;451;0.464;0.536;17;18;3;9;7;6;4;3;1;0;0;0
2021-08-15;Tottenham;1;0;Manchester City;0;0;433;433;0.344;0.656;13;18;3;4;3;11;11;8;2;1;0;0
2021-08-15;FSV Mainz;1;0;RB Leipzig;1;0;343;451;0.36;0.64;6;14;2;2;5;11;10;8;1;2;0;0
2021-08-15;FC Koln;3;1;Hertha Berlin;1;1;442;433;0.58;0.42;15;11;5;5;4;5;18;14;4;2;0;0
2021-08-15;Celta Vigo;1;2;Atletico Madrid;0;1;442;352;0.532;0.468;10;13;0;0;2;5;11;9;3;5;1;1
2021-08-15;FC Barcelona;4;2;Real Sociedad;2;0;433;442;0.617;0.383;13;11;0;0;5;3;11;18;2;4;0;0
2021-08-15;Sevilla FC;3;0;Rayo Vallecano;1;0;433;451;0.753;0.247;21;4;0;0;4;0;14;7;1;0;0;1
2021-08-15;Lokomotiv M.;1;1;Zenit;0;0;;;0.49;0.51;7;11;2;5;6;3;9;11;7;1;0;1
2021-08-15;FC Krasnodar;3;2;Arsenal Tula;3;1;;;0.61;0.39;23;8;11;4;9;3;10;7;1;2;0;0
2021-08-15;Rubin Kazan;1;1;Krylya Sovetov;0;0;;;0.58;0.42;13;10;2;5;3;1;10;12;4;1;0;0
2021-08-15;Angers;3;0;Lyon;1;0;;;0.423;0.577;13;8;6;3;6;4;11;17;1;3;0;1
2021-08-15;Brest;1;1;Rennes;0;0;;;0.405;0.595;10;6;5;2;6;11;7;16;2;3;0;0
2021-08-15;Clermont;2;0;Troyes;0;0;;;0.636;0.364;18;6;8;1;9;2;6;11;1;1;0;1
2021-08-15;Nantes;2;0;Metz;1;0;;;0.355;0.645;11;10;7;5;6;6;18;11;2;0;0;0
2021-08-15;Reims;3;3;Montpellier;2;3;;;0.572;0.428;19;15;9;5;8;7;12;12;2;1;0;0
2021-08-15;Lens;2;2;Saint-Etienne;1;1;;;0.579;0.421;22;12;7;7;7;2;10;17;1;6;0;0
2021-08-15;Marseille;2;2;Bordeaux;2;0;;;0.675;0.325;10;8;2;2;3;4;6;11;2;2;1;0
2021-08-16;Villarreal;0;0;Granada;0;0;442;433;0.605;0.395;14;6;0;0;6;2;19;21;2;1;1;0
2021-08-16;Elche;0;0;Athletic Bilbao;0;0;352;442;0.502;0.498;8;9;0;0;6;8;13;19;2;2;0;0
2021-08-16;PFC Sochi;3;0;Khimki;1;0;;;0.49;0.51;12;9;8;2;4;6;7;6;0;1;0;0
2021-08-20;RB Leipzig;4;0;Stuttgart;1;0;451;361;0.54;0.46;26;11;11;5;6;2;10;11;0;3;0;0
2021-08-20;Real Betis;1;1;Cadiz;1;1;451;451;0.743;0.257;16;8;0;0;4;5;12;10;4;0;0;0
2021-08-20;Brest;2;4;Paris SG;1;2;;;0.259;0.741;11;16;3;8;3;9;8;7;1;2;0;0
2021-08-21;Liverpool;2;0;Burnley;1;0;433;442;0.665;0.335;27;9;9;3;8;4;6;12;0;0;0;0
2021-08-21;Aston Villa;2;0;Newcastle Utd;1;0;433;532;0.473;0.527;10;9;2;1;3;4;8;18;3;4;0;0
2021-08-21;Crystal Palace;0;0;Brentford;0;0;433;352;0.527;0.473;7;14;2;3;3;5;12;9;3;1;0;0
2021-08-21;Leeds Utd;2;2;Everton;1;1;343;451;0.7;0.3;17;17;4;8;8;5;6;13;2;4;0;0
2021-08-21;Manchester City;5;0;Norwich City;2;0;433;433;0.669;0.331;16;1;4;0;6;1;13;7;1;0;0;0
2021-08-21;Brighton;2;0;Watford;2;0;451;451;0.569;0.431;13;10;3;1;7;2;11;6;4;0;0;0
2021-08-21;Bochum;2;0;FSV Mainz;1;0;433;352;0.44;0.56;9;16;5;3;2;7;15;19;4;3;0;0
2021-08-21;E. Frankfurt;0;0;FC Augsburg;0;0;451;442;0.59;0.41;20;4;5;0;6;1;8;10;3;3;0;0
2021-08-21;Freiburg;2;1;Dortmund;1;0;442;442;0.31;0.69;8;19;5;3;0;10;14;14;1;4;0;0
2021-08-21;Greuther Furth;1;1;Bielefeld;0;1;442;442;0.64;0.36;20;9;5;2;5;0;12;15;4;1;0;1
2021-08-21;Hertha Berlin;1;2;Wolfsburg;0;0;451;451;0.41;0.59;12;11;4;3;4;4;12;21;1;2;0;0
2021-08-21;Leverkusen;4;0;Monchengladbach;2;0;451;451;0.48;0.52;13;11;7;6;7;3;9;11;4;2;0;0
2021-08-21;Alaves;0;1;Mallorca;0;0;451;433;0.473;0.527;9;12;0;0;1;8;14;15;1;3;1;0
2021-08-21;Espanyol;0;0;Villarreal;0;0;352;442;0.404;0.596;14;12;0;0;9;7;10;10;3;4;0;0
2021-08-21;Granada;1;1;Valencia;1;0;532;442;0.463;0.537;9;18;0;0;2;6;14;12;4;2;0;0
2021-08-21;Athletic Bilbao;1;1;FC Barcelona;0;0;442;433;0.328;0.672;16;9;0;0;13;2;15;10;1;2;0;1
2021-08-21;Arsenal Tula;1;1;Spartak Moscow;0;0;;;0.41;0.59;11;18;4;7;3;8;13;18;1;4;0;0
2021-08-21;CSKA Moscow;2;0;Akhmat Grozny;0;0;;;0.69;0.31;17;6;7;0;11;4;6;4;3;2;0;1
2021-08-21;Ufa;1;1;Zenit;0;1;;;0.44;0.56;10;19;4;5;2;4;13;8;4;0;0;0
2021-08-21;Ural;0;1;Dinamo Moscow;0;1;;;0.39;0.61;2;24;0;7;2;8;12;12;2;2;1;0
2021-08-21;Krylya Sovetov;1;0;PFC Sochi;1;0;;;0.42;0.58;9;8;4;3;2;3;4;4;1;1;0;0
2021-08-21;Monaco;0;2;Lens;0;0;;;0.711;0.289;9;4;2;2;13;3;11;14;1;1;1;1
2021-08-21;Saint-Etienne;1;1;Lille;0;1;;;0.476;0.524;10;8;2;6;5;3;14;10;1;3;0;0
2021-08-22;Southampton;1;1;Manchester Utd;1;0;442;451;0.364;0.636;8;15;3;4;7;7;12;10;2;3;0;0
2021-08-22;Wolverhampton;0;1;Tottenham;0;1;343;433;0.578;0.422;25;8;6;6;5;4;9;7;1;4;0;0
2021-08-22;Arsenal;0;2;Chelsea;0;2;451;343;0.35;0.65;6;22;3;5;9;8;10;4;3;0;0;0
2021-08-22;Hoffenheim;2;2;Union Berlin;2;1;442;352;0.61;0.39;7;11;3;8;6;5;9;10;1;2;0;1
2021-08-22;Bayern Munich;3;2;FC Koln;0;0;451;442;0.55;0.45;18;10;6;3;3;4;14;10;1;1;0;0
2021-08-22;Real Sociedad;1;0;Rayo Vallecano;0;0;451;451;0.612;0.388;13;9;0;0;5;4;19;15;3;4;0;0
2021-08-22;Atletico Madrid;1;0;Elche;1;0;442;532;0.418;0.582;8;4;0;0;2;1;16;10;2;2;0;0
2021-08-22;Levante;3;3;Real Madrid;0;1;433;433;0.386;0.614;8;20;0;0;4;6;17;7;3;2;1;0
2021-08-22;Lokomotiv M.;2;1;FC Krasnodar;2;0;;;0.39;0.61;7;16;7;4;3;10;13;10;4;3;0;0
2021-08-22;Nizhny Novgorod;1;2;Rostov;1;1;;;0.45;0.55;6;14;1;4;2;5;13;14;2;3;0;0
2021-08-22;Khimki;1;1;Rubin Kazan;1;1;;;0.49;0.51;12;14;7;6;5;7;9;5;2;2;0;0
2021-08-22;Lyon;3;3;Clermont;3;1;;;0.548;0.452;21;17;9;5;5;8;10;6;2;2;0;0
2021-08-22;Bordeaux;1;1;Angers;1;1;;;0.532;0.468;14;6;5;3;3;3;19;5;2;0;0;0
2021-08-22;Metz;1;1;Reims;1;1;;;0.581;0.419;10;13;4;3;5;8;19;14;4;2;0;0
2021-08-22;Montpellier;3;1;Lorient;0;1;;;0.567;0.433;32;6;11;5;5;1;8;13;0;2;0;2
2021-08-22;Strasbourg;1;1;Troyes;0;1;;;0.601;0.399;13;10;4;6;6;3;16;17;3;1;0;0
2021-08-22;Rennes;1;0;Nantes;0;0;;;0.624;0.376;14;4;5;1;6;2;13;13;2;2;0;0
2021-08-23;West Ham Utd;4;1;Leicester City;1;0;451;451;0.514;0.486;19;5;7;1;10;0;8;8;0;1;0;1
2021-08-23;Getafe;0;1;Sevilla FC;0;0;442;433;0.386;0.614;12;9;0;0;5;4;18;10;3;2;0;0
2021-08-23;Osasuna;0;0;Celta Vigo;0;0;433;442;0.463;0.537;15;4;0;0;1;2;19;8;4;3;0;0
2021-08-26;Ufa;1;2;Krylya Sovetov;0;2;;;0.53;0.47;19;7;3;2;8;6;5;8;2;0;0;1
2021-08-26;Spartak Moscow;1;2;PFC Sochi;0;0;;;0.57;0.43;15;9;5;3;7;3;8;9;3;4;0;0
2021-08-26;Akhmat Grozny;2;1;Arsenal Tula;1;1;;;0.57;0.43;17;8;8;4;3;2;14;17;2;3;0;0
2021-08-26;Zenit;1;0;CSKA Moscow;0;0;;;0.56;0.44;14;9;6;2;8;3;6;12;1;2;0;0
2021-08-27;Dortmund;3;2;Hoffenheim;0;0;442;451;0.57;0.43;23;9;13;5;4;7;9;12;2;3;0;0
2021-08-27;Mallorca;1;0;Espanyol;1;0;451;442;0.471;0.529;12;8;0;0;3;2;16;17;4;3;0;1
2021-08-27;Valencia;3;0;Alaves;2;0;442;442;0.488;0.512;9;9;0;0;4;4;20;15;1;4;0;0
2021-08-27;Ural;1;1;Rostov;0;0;;;0.49;0.51;8;14;3;7;4;7;14;5;2;0;0;0
2021-08-27;Khimki;1;1;Nizhny Novgorod;0;1;;;0.56;0.44;12;11;4;3;4;5;14;12;2;2;1;0
2021-08-27;Dinamo Moscow;1;1;Lokomotiv M.;1;1;;;0.51;0.49;25;6;5;3;10;2;6;11;1;4;0;1
2021-08-27;FC Krasnodar;2;0;Rubin Kazan;2;0;;;0.62;0.38;13;16;8;8;7;1;17;9;2;2;0;0
2021-08-27;Nantes;0;1;Lyon;0;1;;;0.358;0.642;18;12;5;5;6;6;7;11;2;0;0;1
2021-08-28;Manchester City;5;0;Arsenal;3;0;433;541;0.804;0.196;25;1;10;0;14;9;5;7;1;2;0;1
2021-08-28;Aston Villa;1;1;Brentford;1;1;451;352;0.465;0.535;7;9;5;2;3;2;15;14;3;3;0;0
2021-08-28;Brighton;0;2;Everton;0;1;343;451;0.656;0.344;14;14;3;5;4;5;7;9;1;2;0;0
2021-08-28;Newcastle Utd;2;2;Southampton;0;0;352;442;0.363;0.637;10;22;5;6;4;4;11;6;3;3;0;0
2021-08-28;Norwich City;1;2;Leicester City;1;1;433;442;0.443;0.557;14;9;4;3;9;9;8;9;2;1;0;0
2021-08-28;West Ham Utd;2;2;Crystal Palace;1;0;451;433;0.457;0.543;14;9;14;9;5;3;10;7;1;0;0;0
2021-08-28;Liverpool;1;1;Chelsea;1;1;433;343;0.657;0.343;24;6;7;3;12;3;13;4;0;2;0;1
2021-08-28;Bielefeld;1;1;E. Frankfurt;0;1;442;451;0.38;0.62;14;12;5;3;4;4;13;17;0;3;0;0
2021-08-28;FC Augsburg;1;4;Leverkusen;1;2;451;451;0.44;0.56;13;13;4;5;4;4;12;10;0;1;0;0
2021-08-28;FC Koln;2;1;Bochum;0;0;442;433;0.67;0.33;21;10;5;1;5;5;11;21;2;1;0;0
2021-08-28;FSV Mainz;3;0;Greuther Furth;2;0;352;442;0.52;0.48;17;8;9;1;7;4;21;14;2;2;0;0
2021-08-28;Stuttgart;2;3;Freiburg;2;3;451;442;0.61;0.39;17;14;7;7;8;5;10;14;2;1;0;0
2021-08-28;Bayern Munich;5;0;Hertha Berlin;2;0;433;451;0.6;0.4;17;8;6;3;8;3;4;5;0;0;0;0
2021-08-28;Celta Vigo;0;1;Athletic Bilbao;0;1;442;442;0.618;0.382;13;6;0;0;5;4;12;11;2;1;0;0
2021-08-28;Elche;1;1;Sevilla FC;1;1;352;433;0.291;0.709;7;18;0;0;5;3;6;9;2;0;0;0
2021-08-28;Real Sociedad;1;0;Levante;1;0;442;442;0.515;0.485;7;6;0;0;2;2;17;13;1;1;0;0
2021-08-28;Real Betis;0;1;Real Madrid;0;0;451;433;0.509;0.491;12;13;0;0;3;7;15;13;5;3;0;0
2021-08-28;Nice;4;0;Bordeaux;3;0;;;0.434;0.566;11;13;5;4;3;0;18;11;3;2;0;0
2021-08-28;Marseille;3;1;Saint-Etienne;1;1;;;0.643;0.357;19;11;5;7;5;4;11;18;1;3;0;0
2021-08-29;Burnley;1;1;Leeds Utd;0;0;442;343;0.359;0.641;12;12;3;2;5;5;13;9;4;3;0;0
2021-08-29;Tottenham;1;0;Watford;1;0;433;451;0.576;0.424;15;9;8;2;10;3;8;14;3;3;0;0
2021-08-29;Wolverhampton;0;1;Manchester Utd;0;0;343;451;0.441;0.559;15;10;6;3;5;7;7;9;3;4;0;0
2021-08-29;Union Berlin;2;1;Monchengladbach;2;0;352;451;0.33;0.67;12;18;4;5;4;8;15;6;2;0;0;0
2021-08-29;Wolfsburg;1;0;RB Leipzig;0;0;451;451;0.49;0.51;8;12;2;2;7;7;13;18;4;2;0;0
2021-08-29;FC Barcelona;2;1;Getafe;2;1;433;442;0.666;0.334;7;8;0;0;3;2;16;22;3;1;0;0
2021-08-29;Cadiz;2;3;Osasuna;1;0;442;451;0.271;0.729;7;14;0;0;4;11;9;6;4;0;0;0
2021-08-29;Rayo Vallecano;4;0;Granada;3;0;451;433;0.469;0.531;19;9;0;0;5;7;19;14;1;4;0;0
2021-08-29;Atletico Madrid;2;2;Villarreal;0;0;352;442;0.489;0.511;23;2;0;0;16;0;11;6;5;2;0;0
2021-08-29;Troyes;1;2;Monaco;0;1;;;0.493;0.507;12;7;3;4;5;3;11;11;1;2;0;0
2021-08-29;Angers;2;0;Rennes;0;0;;;0.527;0.473;16;7;4;2;3;1;14;10;1;0;0;1
2021-08-29;Clermont;2;2;Metz;1;2;;;0.602;0.398;16;12;4;4;6;3;11;15;1;2;0;0
2021-08-29;Lens;2;2;Lorient;1;2;;;0.544;0.456;19;14;9;7;8;4;10;10;2;4;0;0
2021-08-29;Strasbourg;3;1;Brest;2;1;;;0.489;0.511;11;11;5;5;1;9;12;10;1;1;0;0
2021-08-29;Lille;2;1;Montpellier;1;1;;;0.445;0.555;15;6;4;2;3;4;15;19;3;5;0;1
2021-08-29;Reims;0;2;Paris SG;0;1;;;0.327;0.673;11;12;4;3;3;3;13;13;1;3;0;0
2021-09-10;Lorient;2;1;Lille;1;1;;;0.436;0.564;14;9;7;3;2;5;13;11;2;2;0;0
2021-09-11;Crystal Palace;3;0;Tottenham;0;0;433;442;0.623;0.377;18;2;4;1;8;2;13;15;2;1;0;1
2021-09-11;Arsenal;1;0;Norwich City;0;0;451;433;0.519;0.481;30;10;7;1;8;4;9;11;1;2;0;0
2021-09-11;Brentford;0;1;Brighton;0;0;352;352;0.413;0.587;7;4;1;2;1;5;9;12;3;2;0;0
2021-09-11;Leicester City;0;1;Manchester City;0;0;451;433;0.395;0.605;6;25;1;8;5;8;4;11;1;2;0;0
2021-09-11;Manchester Utd;4;1;Newcastle Utd;1;0;451;541;0.641;0.359;21;12;7;3;7;3;9;2;1;0;0;0
2021-09-11;Southampton;0;0;West Ham Utd;0;0;451;451;0.418;0.582;11;13;3;3;5;4;10;12;3;1;0;1
2021-09-11;Watford;0;2;Wolverhampton;0;0;451;343;0.44;0.56;6;14;2;5;6;8;15;13;3;3;0;0
2021-09-11;Chelsea;3;0;Aston Villa;1;0;343;532;0.568;0.432;12;18;4;6;4;11;11;11;1;4;0;0
2021-09-11;Freiburg;1;1;FC Koln;0;1;442;442;0.55;0.45;10;15;3;5;4;2;14;12;1;2;0;1
2021-09-11;Greuther Furth;0;2;Wolfsburg;0;1;442;451;0.33;0.67;7;10;3;4;3;5;17;15;2;3;0;0
2021-09-11;Hoffenheim;0;2;FSV Mainz;0;1;451;352;0.62;0.38;12;11;0;4;4;5;16;15;2;1;0;0
2021-09-11;Leverkusen;3;4;Dortmund;2;1;451;442;0.44;0.56;11;15;5;7;4;3;10;11;4;3;0;0
2021-09-11;Union Berlin;0;0;FC Augsburg;0;0;352;352;0.55;0.45;15;13;6;6;6;4;10;12;1;2;0;0
2021-09-11;RB Leipzig;1;4;Bayern Munich;0;1;451;451;0.51;0.49;10;18;4;6;2;6;9;13;0;0;0;0
2021-09-11;Levante;1;1;Rayo Vallecano;1;0;433;451;0.45;0.55;7;22;0;0;2;5;14;16;3;4;0;0
2021-09-11;Athletic Bilbao;2;0;Mallorca;0;0;442;451;0.479;0.521;19;7;0;0;7;2;7;13;1;2;0;0
2021-09-11;Lokomotiv M.;2;0;Krylya Sovetov;0;0;;;0.43;0.57;16;17;6;5;3;9;10;7;2;2;0;0
2021-09-11;Zenit;3;1;Akhmat Grozny;2;0;;;0.61;0.39;16;19;9;6;6;6;7;8;1;3;0;0
2021-09-11;Spartak Moscow;3;1;Khimki;1;0;;;0.62;0.38;16;8;6;2;4;5;13;16;5;2;0;0
2021-09-11;Paris SG;4;0;Clermont;2;0;;;0.518;0.482;13;14;7;2;4;4;13;9;0;1;0;0
2021-09-11;Monaco;0;2;Marseille;0;1;;;0.514;0.486;7;13;0;5;3;2;17;8;4;1;0;0
2021-09-12;Leeds Utd;0;3;Liverpool;0;1;451;433;0.441;0.559;9;30;4;9;2;11;9;8;2;1;1;0
2021-09-12;E. Frankfurt;1;1;Stuttgart;0;0;451;361;0.56;0.44;18;9;5;3;6;6;13;12;1;3;0;1
2021-09-12;Bochum;1;3;Hertha Berlin;0;2;433;361;0.65;0.35;19;5;6;4;7;2;9;17;0;3;0;0
2021-09-12;Monchengladbach;3;1;Bielefeld;1;1;343;442;0.62;0.38;17;18;4;7;3;4;10;18;1;1;0;0
2021-09-12;Espanyol;1;2;Atletico Madrid;1;0;442;352;0.422;0.578;9;13;0;0;6;3;10;11;1;4;0;0
2021-09-12;Osasuna;1;4;Valencia;1;1;451;442;0.569;0.431;11;10;0;0;4;4;20;14;4;2;0;0
2021-09-12;Cadiz;0;2;Real Sociedad;0;0;352;451;0.224;0.776;6;16;0;0;2;8;10;9;2;0;1;0
2021-09-12;Real Madrid;5;2;Celta Vigo;1;2;433;442;0.598;0.402;15;11;0;0;7;3;8;16;2;3;0;0
2021-09-12;Arsenal Tula;2;2;CSKA Moscow;1;1;;;0.29;0.71;8;15;5;7;2;11;10;12;3;3;0;0
2021-09-12;PFC Sochi;3;1;Ufa;2;0;;;0.62;0.38;28;8;11;3;5;3;8;10;3;0;0;1
2021-09-12;Dinamo Moscow;1;2;Nizhny Novgorod;1;0;;;0.6;0.4;16;9;5;4;3;2;6;12;1;2;0;1
2021-09-12;Montpellier;2;0;Saint-Etienne;1;0;;;0.422;0.578;11;14;4;2;7;6;15;17;1;4;0;0
2021-09-12;Bordeaux;2;3;Lens;0;2;;;0.55;0.45;10;13;3;5;2;7;8;11;3;2;0;0
2021-09-12;Brest;1;1;Angers;0;0;;;0.487;0.513;12;8;6;2;5;3;19;9;2;2;0;0
2021-09-12;Metz;0;2;Troyes;0;0;;;0.626;0.374;17;10;2;5;2;1;15;14;2;1;0;0
2021-09-12;Rennes;0;2;Reims;0;1;;;0.637;0.363;10;7;1;3;4;6;18;11;1;2;0;0
2021-09-12;Nantes;0;2;Nice;0;0;;;0.501;0.499;19;9;7;3;8;3;7;13;2;3;0;0
2021-09-12;Lyon;3;1;Strasbourg;1;0;;;0.587;0.413;14;12;7;4;4;6;8;11;2;1;0;0
2021-09-13;Everton;3;1;Burnley;0;0;343;442;0.517;0.483;14;11;6;6;4;6;3;6;1;1;0;0
2021-09-13;Getafe;0;1;Elche;0;0;442;352;0.563;0.437;10;8;0;0;8;2;6;14;2;4;0;0
2021-09-13;Granada;1;2;Real Betis;0;1;433;451;0.43;0.57;11;19;0;0;6;8;7;14;1;2;0;0
2021-09-13;Rubin Kazan;4;0;Ural;2;0;;;0.52;0.48;14;8;6;3;2;3;14;19;4;1;0;0
2021-09-13;Rostov;1;1;FC Krasnodar;1;0;;;0.48;0.52;12;6;6;1;2;4;13;13;4;3;0;1
2021-09-17;Newcastle Utd;1;1;Leeds Utd;1;1;541;451;0.354;0.646;17;22;7;9;4;5;9;11;2;2;0;0
2021-09-17;Hertha Berlin;2;1;Greuther Furth;0;0;352;442;0.55;0.45;15;10;3;3;9;4;12;13;1;2;0;0
2021-09-17;Celta Vigo;1;2;Cadiz;0;2;442;451;0.778;0.222;14;7;0;0;7;1;8;8;3;3;0;0
2021-09-17;Strasbourg;3;0;Metz;3;0;;;0.457;0.543;10;15;6;5;3;7;16;8;2;4;0;0
2021-09-18;Wolverhampton;0;2;Brentford;0;2;343;352;0.619;0.381;11;9;0;3;4;2;10;7;4;2;0;1
2021-09-18;Burnley;0;1;Arsenal;0;1;442;451;0.45;0.55;18;13;3;3;8;3;9;8;2;1;0;0
2021-09-18;Liverpool;3;0;Crystal Palace;1;0;433;433;0.599;0.401;25;13;10;2;10;5;17;11;3;1;0;0
2021-09-18;Manchester City;0;0;Southampton;0;0;433;442;0.639;0.361;16;10;1;2;8;5;5;12;0;2;1;0
2021-09-18;Norwich City;1;3;Watford;1;1;433;451;0.487;0.513;12;12;5;8;4;8;10;14;1;1;0;0
2021-09-18;Aston Villa;3;0;Everton;0;0;532;451;0.556;0.444;15;11;3;1;5;4;7;10;1;1;0;0
2021-09-18;Bayern Munich;7;0;Bochum;4;0;451;451;0.63;0.37;22;5;15;1;2;2;5;9;1;1;0;0
2021-09-18;Bielefeld;0;0;Hoffenheim;0;0;442;442;0.45;0.55;9;16;2;3;5;6;16;3;2;1;0;0
2021-09-18;FC Augsburg;1;0;Monchengladbach;0;0;352;451;0.37;0.63;8;11;1;1;2;6;13;9;1;2;0;0
2021-09-18;FSV Mainz;0;0;Freiburg;0;0;352;343;0.48;0.52;10;7;3;1;4;4;18;16;1;1;0;0
2021-09-18;FC Koln;1;1;RB Leipzig;0;0;442;451;0.5;0.5;14;18;6;9;4;10;12;6;3;1;0;0
2021-09-18;Rayo Vallecano;3;0;Getafe;1;0;451;451;0.502;0.498;11;13;0;0;5;3;20;16;6;7;0;0
2021-09-18;Atletico Madrid;0;0;Athletic Bilbao;0;0;352;442;0.546;0.454;14;6;0;0;5;5;10;13;4;2;1;0
2021-09-18;Elche;1;1;Levante;1;0;352;352;0.54;0.46;9;11;0;0;4;7;10;11;2;2;0;0
2021-09-18;Alaves;0;2;Osasuna;0;2;442;433;0.559;0.441;8;13;0;0;2;8;11;14;4;3;0;0
2021-09-18;Ufa;3;2;Khimki;0;1;;;0.55;0.45;12;13;8;5;3;8;10;11;2;1;0;0
2021-09-18;Krylya Sovetov;4;2;Rostov;1;1;;;0.54;0.46;17;10;10;5;6;3;10;10;2;1;0;0
2021-09-18;Akhmat Grozny;0;2;FC Krasnodar;0;2;;;0.52;0.48;10;11;2;2;6;3;15;11;1;3;1;0
2021-09-18;Lens;1;0;Lille;0;0;;;0.469;0.531;13;6;4;2;4;3;12;8;2;2;0;0
2021-09-18;Saint-Etienne;1;2;Bordeaux;0;1;;;0.548;0.452;12;13;5;3;7;2;9;12;1;4;0;0
2021-09-19;Brighton;2;1;Leicester City;1;0;442;433;0.371;0.629;12;14;5;3;4;9;8;10;2;1;0;0
2021-09-19;West Ham Utd;1;2;Manchester Utd;1;1;442;451;0.399;0.601;13;17;4;10;2;11;5;8;0;0;0;0
2021-09-19;Tottenham;0;3;Chelsea;0;0;451;343;0.47;0.53;8;20;2;10;5;11;4;15;0;1;0;0
2021-09-19;Stuttgart;1;3;Leverkusen;1;2;352;451;0.59;0.41;18;7;8;4;2;6;11;11;2;3;0;1
2021-09-19;Dortmund;4;2;Union Berlin;2;0;433;352;0.63;0.37;13;9;4;6;3;6;10;12;2;3;0;0
2021-09-19;Wolfsburg;1;1;E. Frankfurt;0;1;451;451;0.58;0.42;15;6;6;2;7;4;14;18;2;6;0;0
2021-09-19;Mallorca;0;0;Villarreal;0;0;442;433;0.341;0.659;10;11;0;0;3;1;11;16;2;3;0;0
2021-09-19;Real Sociedad;0;0;Sevilla FC;0;0;442;433;0.472;0.528;11;11;0;0;5;6;16;11;2;3;0;0
2021-09-19;Real Betis;2;2;Espanyol;2;1;451;442;0.601;0.399;23;11;0;0;10;4;13;9;4;4;1;0
2021-09-19;Valencia;1;2;Real Madrid;0;0;442;433;0.386;0.614;12;18;0;0;2;5;14;14;1;5;0;0
2021-09-19;Nizhny Novgorod;2;3;Arsenal Tula;1;2;;;0.55;0.45;11;15;9;8;6;7;13;9;2;2;0;0
2021-09-19;PFC Sochi;0;1;Dinamo Moscow;0;1;;;0.63;0.37;21;9;7;5;8;4;3;10;0;0;0;0
2021-09-19;Nice;2;2;Monaco;0;1;;;0.489;0.511;12;8;3;3;5;2;17;12;2;3;0;0
2021-09-19;Angers;1;4;Nantes;1;3;;;0.66;0.34;10;8;5;4;10;5;10;16;2;2;0;0
2021-09-19;Clermont;1;1;Brest;0;0;;;0.577;0.423;7;5;4;1;3;5;7;19;1;1;1;0
2021-09-19;Reims;0;0;Lorient;0;0;;;0.428;0.572;10;6;2;3;5;6;12;14;2;3;0;0
2021-09-19;Troyes;1;1;Montpellier;1;0;;;0.417;0.583;8;6;3;2;1;6;16;11;4;2;0;1
2021-09-19;Marseille;2;0;Rennes;0;0;;;0.647;0.353;17;13;6;2;6;7;5;17;0;2;0;0
2021-09-19;Paris SG;2;1;Lyon;0;0;;;0.544;0.456;14;12;5;5;10;4;13;19;3;1;0;0
2021-09-20;FC Barcelona;1;1;Granada;0;1;433;433;0.771;0.229;17;5;0;0;12;4;15;20;3;6;0;0
2021-09-20;Ural;0;0;Lokomotiv M.;0;0;;;0.37;0.63;8;13;3;4;3;7;19;12;3;2;0;0
2021-09-20;Rubin Kazan;1;3;Zenit;0;3;;;0.4;0.6;8;18;2;9;2;3;9;8;3;1;0;0
2021-09-20;CSKA Moscow;1;0;Spartak Moscow;0;0;;;0.49;0.51;5;13;1;4;2;5;12;6;3;1;1;0
2021-09-21;Getafe;1;2;Atletico Madrid;1;0;532;442;0.314;0.686;7;12;0;0;2;5;15;11;4;5;1;0
2021-09-21;Athletic Bilbao;1;2;Rayo Vallecano;1;1;442;433;0.47;0.53;8;8;0;0;2;1;16;20;3;3;0;0
2021-09-21;Levante;0;2;Celta Vigo;0;0;352;442;0.45;0.55;6;4;0;0;2;4;16;12;3;2;0;0
2021-09-22;Espanyol;1;0;Alaves;0;0;451;442;0.531;0.469;10;7;0;0;4;8;14;18;2;1;0;0
2021-09-22;Sevilla FC;3;1;Valencia;3;1;433;442;0.582;0.418;11;8;0;0;1;4;25;21;5;3;0;0
2021-09-22;Real Madrid;6;1;Mallorca;3;1;433;442;0.593;0.407;18;17;0;0;3;2;18;17;2;1;0;0
2021-09-22;Villarreal;4;1;Elche;2;1;433;352;0.6;0.4;14;9;0;0;8;7;16;11;1;2;0;0
2021-09-22;Lille;2;1;Reims;2;0;;;0.531;0.469;7;11;4;5;4;4;16;14;2;1;0;0
2021-09-22;Monaco;3;1;Saint-Etienne;1;1;;;0.662;0.338;14;8;6;2;6;3;16;13;1;1;0;1
2021-09-22;Montpellier;3;3;Bordeaux;1;2;;;0.547;0.453;15;15;6;7;6;6;10;8;0;2;0;0
2021-09-22;Nantes;3;1;Brest;1;0;;;0.416;0.584;14;10;6;2;4;4;8;13;1;2;0;0
2021-09-22;Rennes;6;0;Clermont;2;0;;;0.555;0.445;21;4;10;1;5;7;14;5;1;1;0;0
2021-09-22;Angers;0;0;Marseille;0;0;;;0.405;0.595;9;6;1;1;4;2;9;7;1;3;0;0
2021-09-22;Lens;0;1;Strasbourg;0;0;;;0.597;0.403;17;6;4;1;7;3;14;7;2;3;1;0
2021-09-22;Lorient;1;0;Nice;1;0;;;0.356;0.644;8;13;1;1;6;5;12;16;0;4;1;0
2021-09-22;Lyon;3;1;Troyes;0;1;;;0.686;0.314;15;12;8;7;7;3;7;9;1;3;0;0
2021-09-22;Metz;1;2;Paris SG;1;1;;;0.258;0.742;6;15;2;5;3;3;12;12;4;2;1;0
2021-09-23;Granada;2;3;Real Sociedad;1;0;433;442;0.383;0.617;10;20;0;0;4;7;11;16;5;1;0;0
2021-09-23;Osasuna;1;3;Real Betis;1;1;433;451;0.479;0.521;11;16;0;0;4;7;18;10;2;0;0;0
2021-09-23;Cadiz;0;0;FC Barcelona;0;0;442;433;0.319;0.681;13;6;0;0;4;5;16;8;3;2;0;1
2021-09-24;Greuther Furth;1;3;Bayern Munich;0;2;451;343;0.38;0.62;11;12;6;4;6;3;18;13;4;1;0;1
2021-09-25;Chelsea;0;1;Manchester City;0;0;352;433;0.409;0.591;5;15;0;4;4;13;12;10;3;2;0;0
2021-09-25;Manchester Utd;0;1;Aston Villa;0;0;451;352;0.596;0.404;28;7;4;3;5;5;9;13;2;2;0;0
2021-09-25;Everton;2;0;Norwich City;1;0;451;532;0.468;0.532;11;10;4;2;6;4;12;9;2;3;0;0
2021-09-25;Leeds Utd;1;2;West Ham Utd;1;0;451;451;0.535;0.465;15;20;5;7;5;7;10;6;3;2;0;0
2021-09-25;Leicester City;2;2;Burnley;1;2;433;442;0.671;0.329;22;9;5;3;8;3;10;8;2;4;0;0
2021-09-25;Watford;1;1;Newcastle Utd;0;1;451;451;0.522;0.478;15;20;4;6;5;6;19;12;4;3;0;0
2021-09-25;Brentford;3;3;Liverpool;1;1;352;433;0.327;0.673;12;16;4;6;2;11;8;7;1;1;0;0
2021-09-25;E. Frankfurt;1;1;FC Koln;1;1;442;442;0.48;0.52;10;15;3;2;7;6;11;19;2;3;0;0
2021-09-25;Hoffenheim;3;1;Wolfsburg;1;1;442;451;0.51;0.49;12;13;3;2;5;2;13;9;2;2;0;0
2021-09-25;Leverkusen;1;0;FSV Mainz;0;0;451;352;0.65;0.35;15;14;9;5;6;3;11;12;4;3;0;0
2021-09-25;RB Leipzig;6;0;Hertha Berlin;3;0;343;343;0.59;0.41;18;5;11;3;2;1;8;19;1;3;0;0
2021-09-25;Union Berlin;1;0;Bielefeld;0;0;352;451;0.52;0.48;17;9;4;2;5;4;9;5;1;0;0;0
2021-09-25;Monchengladbach;1;0;Dortmund;1;0;352;352;0.55;0.45;14;8;3;0;5;1;17;15;4;3;0;1
2021-09-25;Alaves;1;0;Atletico Madrid;1;0;;;0.289;0.711;7;13;0;0;3;8;18;11;2;3;0;0
2021-09-25;Valencia;1;1;Athletic Bilbao;0;0;;;0.524;0.476;13;12;0;0;4;5;14;17;3;2;1;0
2021-09-25;Sevilla FC;2;0;Espanyol;1;0;;;0.538;0.462;12;13;0;0;4;8;10;8;2;0;1;0
2021-09-25;Real Madrid;0;0;Villarreal;0;0;;;0.487;0.513;15;6;0;0;6;3;10;12;1;2;0;0
2021-09-25;Khimki;0;0;Lokomotiv M.;0;0;;;0.45;0.55;21;7;3;2;10;3;13;21;3;1;0;1
2021-09-25;Zenit;2;1;Krylya Sovetov;1;1;;;0.62;0.38;20;8;9;5;9;4;8;6;2;6;0;0
2021-09-25;Spartak Moscow;2;0;Ufa;2;0;;;0.48;0.52;18;11;11;2;2;9;11;13;0;4;0;0
2021-09-25;Saint-Etienne;0;3;Nice;0;1;;;0.597;0.403;11;14;6;9;2;9;9;13;0;2;0;0
2021-09-25;Strasbourg;1;2;Lille;0;1;;;0.575;0.425;10;16;3;7;8;8;17;12;4;4;1;0
2021-09-25;Lyon;1;1;Lorient;0;1;;;0.53;0.47;12;12;2;5;9;3;9;10;1;2;1;0
2021-09-25;Paris SG;2;0;Montpellier;1;0;;;0.535;0.465;16;10;5;4;8;7;10;8;0;1;0;0
2021-09-26;Southampton;0;1;Wolverhampton;0;0;442;343;0.57;0.43;18;5;6;3;5;5;12;8;0;0;0;0
2021-09-26;Arsenal;3;1;Tottenham;3;0;451;433;0.466;0.534;12;10;7;4;4;4;12;13;2;1;0;0
2021-09-26;Bochum;0;0;Stuttgart;0;0;451;451;0.47;0.53;14;8;4;3;7;2;15;13;2;5;0;0
2021-09-26;Freiburg;3;0;FC Augsburg;3;0;343;352;0.57;0.43;19;8;9;2;6;3;10;13;0;1;0;0
2021-09-26;Mallorca;2;3;Osasuna;2;1;;;0.555;0.445;17;11;0;0;5;5;8;17;2;3;0;0
2021-09-26;FC Barcelona;3;0;Levante;2;0;;;0.701;0.299;20;6;0;0;11;1;11;16;1;3;0;0
2021-09-26;Rayo Vallecano;3;1;Cadiz;2;1;;;0.591;0.409;13;6;0;0;4;3;11;11;2;4;0;0
2021-09-26;Real Sociedad;1;0;Elche;0;0;;;0.643;0.357;18;5;0;0;6;1;12;16;1;3;0;0
2021-09-26;Real Betis;2;0;Getafe;1;0;;;0.511;0.489;20;8;0;0;3;3;12;19;1;3;0;0
2021-09-26;Dinamo Moscow;2;0;Rubin Kazan;1;0;;;0.47;0.53;16;11;10;5;6;8;12;9;3;6;0;0
2021-09-26;Rostov;1;2;Akhmat Grozny;0;1;;;0.58;0.42;7;15;4;7;3;4;17;18;2;5;0;0
2021-09-26;FC Krasnodar;3;0;PFC Sochi;2;0;;;0.54;0.46;17;16;8;4;4;9;10;14;2;4;2;0
2021-09-26;Bordeaux;1;1;Rennes;0;0;;;0.464;0.536;10;18;3;8;8;6;6;20;1;4;0;0
2021-09-26;Brest;1;2;Metz;0;1;;;0.661;0.339;11;6;2;4;4;3;16;16;3;2;0;0
2021-09-26;Reims;3;1;Nantes;0;0;;;0.45;0.55;9;11;5;2;3;7;14;10;1;1;0;0
2021-09-26;Troyes;1;1;Angers;1;0;;;0.37;0.63;6;17;3;6;2;9;9;8;2;2;1;0
2021-09-26;Clermont;1;3;Monaco;1;1;;;0.535;0.465;12;6;4;3;5;1;9;12;2;4;0;0
2021-09-26;Marseille;2;3;Lens;2;2;;;0.601;0.399;13;13;4;5;5;7;4;14;2;1;0;0
2021-09-27;Crystal Palace;1;1;Brighton;1;0;433;343;0.469;0.531;8;8;3;4;6;5;12;10;2;4;0;0
2021-09-27;Celta Vigo;1;0;Granada;0;0;;;0.732;0.268;14;7;0;0;5;3;9;12;2;7;0;0
2021-09-27;Ural;2;0;Arsenal Tula;2;0;;;0.39;0.61;13;7;6;2;6;7;19;13;4;3;0;0
2021-09-27;Nizhny Novgorod;0;2;CSKA Moscow;0;1;;;0.4;0.6;7;9;0;5;3;3;9;5;3;0;0;0
2021-10-01;FC Koln;3;1;Greuther Furth;0;1;442;442;0.63;0.37;18;7;8;3;8;1;16;18;1;1;0;0
2021-10-01;Athletic Bilbao;1;0;Alaves;1;0;;;0.556;0.444;16;17;0;0;13;9;16;12;3;2;0;0
2021-10-01;Lens;2;0;Reims;1;0;;;0.614;0.386;13;3;7;0;5;3;13;13;3;1;0;1
2021-10-02;Manchester Utd;1;1;Everton;1;0;451;451;0.718;0.282;13;12;6;2;10;1;10;9;1;1;0;0
2021-10-02;Burnley;0;0;Norwich City;0;0;442;532;0.561;0.439;14;10;4;2;9;5;13;3;5;2;0;0
2021-10-02;Chelsea;3;1;Southampton;1;0;343;442;0.616;0.384;20;6;9;2;7;2;11;13;1;3;0;1
2021-10-02;Leeds Utd;1;0;Watford;1;0;451;451;0.669;0.331;20;5;4;1;6;3;10;16;0;3;0;0
2021-10-02;Wolverhampton;2;1;Newcastle Utd;1;1;343;451;0.519;0.481;7;8;3;2;0;4;15;5;0;2;0;0
2021-10-02;Brighton;0;0;Arsenal;0;0;352;451;0.582;0.418;21;8;2;2;8;5;8;5;2;1;0;0
2021-10-02;Dortmund;2;1;FC Augsburg;1;1;451;352;0.67;0.33;17;5;3;3;7;3;9;16;1;3;0;0
2021-10-02;Hertha Berlin;1;2;Freiburg;0;1;352;343;0.44;0.56;12;9;3;4;4;9;17;15;3;0;0;0
2021-10-02;Stuttgart;3;1;Hoffenheim;1;0;352;433;0.42;0.58;12;13;6;4;9;4;14;12;0;1;0;0
2021-10-02;Wolfsburg;1;3;Monchengladbach;1;2;451;352;0.52;0.48;10;19;5;11;4;6;17;10;6;3;1;0
2021-10-02;RB Leipzig;3;0;Bochum;0;0;343;433;0.6;0.4;15;9;8;2;2;3;10;16;1;1;0;0
2021-10-02;Osasuna;1;0;Rayo Vallecano;0;0;;;0.508;0.492;7;7;0;0;6;3;19;9;3;3;0;0
2021-10-02;Mallorca;1;0;Levante;0;0;;;0.531;0.469;11;6;0;0;8;3;18;25;4;4;0;0
2021-10-02;Cadiz;0;0;Valencia;0;0;;;0.319;0.681;2;16;0;0;1;3;16;11;3;4;0;0
2021-10-02;Atletico Madrid;2;0;FC Barcelona;2;0;;;0.294;0.706;6;9;0;0;2;6;13;10;2;1;0;0
2021-10-02;Rubin Kazan;0;1;Nizhny Novgorod;0;0;;;0.6;0.4;12;10;5;4;3;4;10;12;0;1;0;0
2021-10-02;Dinamo Moscow;0;1;Krylya Sovetov;0;1;;;0.62;0.38;20;9;6;5;12;4;9;8;2;3;0;0
2021-10-02;Arsenal Tula;0;0;Khimki;0;0;;;0.48;0.52;14;8;4;2;4;3;11;12;3;3;0;0
2021-10-02;CSKA Moscow;0;0;FC Krasnodar;0;0;;;0.44;0.56;15;32;9;5;8;7;5;11;2;2;0;0
2021-10-02;Montpellier;1;1;Strasbourg;1;1;;;0.546;0.454;12;6;4;3;3;4;12;14;2;0;0;0
2021-10-02;Nice;2;1;Brest;1;0;;;0.701;0.299;20;6;9;2;6;2;8;12;1;1;0;0
2021-10-03;Crystal Palace;2;2;Leicester City;0;2;433;442;0.6;0.4;18;9;4;5;1;3;15;11;2;3;0;0
2021-10-03;Tottenham;2;1;Aston Villa;1;0;451;352;0.563;0.437;17;14;8;3;5;8;11;14;2;1;0;0
2021-10-03;West Ham Utd;1;2;Brentford;0;1;451;352;0.599;0.401;18;13;5;6;10;6;16;13;2;3;0;0
2021-10-03;Liverpool;2;2;Manchester City;0;0;433;433;0.485;0.515;6;12;4;3;3;4;10;12;3;3;0;0
2021-10-03;FSV Mainz;1;2;Union Berlin;1;0;343;352;0.51;0.49;11;15;4;2;2;5;15;6;1;4;1;0
2021-10-03;Bayern Munich;1;2;E. Frankfurt;1;1;451;343;0.68;0.32;21;5;11;3;10;1;6;8;2;1;0;0
2021-10-03;Bielefeld;0;4;Leverkusen;0;2;442;451;0.41;0.59;10;19;3;7;2;4;13;7;4;1;0;0
2021-10-03;Elche;1;0;Celta Vigo;0;0;;;0.449;0.551;12;10;0;0;7;4;14;19;4;3;0;0
2021-10-03;Espanyol;2;1;Real Madrid;1;0;;;0.345;0.655;8;18;0;0;2;8;12;13;2;1;0;0
2021-10-03;Getafe;1;1;Real Sociedad;1;0;;;0.38;0.62;9;10;0;0;2;5;16;11;4;2;0;0
2021-10-03;Villarreal;2;0;Real Betis;1;0;;;0.582;0.418;11;10;0;0;4;6;14;9;2;4;0;0
2021-10-03;Granada;1;0;Sevilla FC;1;0;;;0.315;0.685;3;14;0;0;2;6;13;11;3;2;0;1
2021-10-03;Ufa;0;1;Ural;0;1;;;0.56;0.44;12;11;4;5;6;6;14;19;2;2;0;0
2021-10-03;Zenit;1;2;PFC Sochi;1;0;;;0.51;0.49;13;18;5;5;5;4;2;15;0;4;1;0
2021-10-03;Akhmat Grozny;0;1;Spartak Moscow;0;1;;;0.51;0.49;8;12;1;5;6;4;12;12;2;4;0;0
2021-10-03;Lokomotiv M.;1;2;Rostov;1;1;;;0.57;0.43;9;15;7;7;5;3;18;11;1;3;0;0
2021-10-03;Rennes;2;0;Paris SG;1;0;;;0.326;0.674;12;13;4;0;4;4;9;4;2;3;0;0
2021-10-03;Angers;3;2;Metz;0;1;;;0.579;0.421;18;2;5;2;12;2;16;11;1;3;0;0
2021-10-03;Lorient;1;1;Clermont;0;1;;;0.461;0.539;6;8;1;4;4;4;19;12;2;1;0;0
2021-10-03;Monaco;3;0;Bordeaux;1;0;;;0.574;0.426;12;4;4;1;10;2;12;13;2;1;0;0
2021-10-03;Nantes;2;0;Troyes;0;0;;;0.541;0.459;8;15;4;4;3;7;14;10;2;2;0;0
2021-10-03;Lille;2;0;Marseille;1;0;;;0.361;0.639;12;10;5;3;3;5;10;13;2;1;0;1
2021-10-03;Saint-Etienne;1;1;Lyon;0;1;;;0.442;0.558;18;15;6;5;6;4;14;10;2;3;0;1
2021-10-15;Hoffenheim;5;0;FC Koln;1;0;352;442;0.51;0.49;13;10;8;0;3;3;13;7;1;1;0;0
2021-10-15;Paris SG;2;1;Angers;0;1;;;0.729;0.271;13;7;2;2;6;5;8;10;1;1;0;0
2021-10-16;Watford;0;5;Liverpool;0;2;541;433;0.238;0.762;6;19;2;8;1;9;4;10;0;0;0;0
2021-10-16;Aston Villa;2;3;Wolverhampton;0;0;352;343;0.485;0.515;14;9;5;4;6;7;8;17;2;3;0;0
2021-10-16;Leicester City;4;2;Manchester Utd;1;1;352;451;0.488;0.512;22;18;11;6;4;3;5;17;0;3;0;0
2021-10-16;Manchester City;2;0;Burnley;1;0;433;442;0.706;0.294;15;7;6;2;6;2;11;5;1;0;0;0
2021-10-16;Norwich City;0;0;Brighton;0;0;532;352;0.351;0.649;15;11;3;3;8;4;5;14;3;5;0;0
2021-10-16;Southampton;1;0;Leeds Utd;0;0;442;343;0.453;0.547;19;3;5;0;8;1;16;14;2;3;0;0
2021-10-16;Brentford;0;1;Chelsea;0;1;352;352;0.439;0.561;17;5;7;1;5;5;13;8;1;1;0;0
2021-10-16;Dortmund;3;1;FSV Mainz;1;0;433;343;0.67;0.33;11;5;5;2;6;2;7;12;2;4;0;0
2021-10-16;E. Frankfurt;1;2;Hertha Berlin;0;1;352;451;0.56;0.44;13;12;5;6;7;4;17;16;1;2;0;0
2021-10-16;Freiburg;1;1;RB Leipzig;0;1;343;451;0.52;0.48;15;13;2;4;8;5;10;17;0;4;0;0
2021-10-16;Greuther Furth;0;1;Bochum;0;0;442;442;0.56;0.44;12;9;3;2;4;3;16;16;2;4;0;0
2021-10-16;Union Berlin;2;0;Wolfsburg;0;0;352;451;0.42;0.58;6;13;3;4;3;3;7;16;3;1;0;0
2021-10-16;Monchengladbach;1;1;Stuttgart;1;1;343;352;0.58;0.42;31;5;8;2;9;1;14;21;3;3;0;0
2021-10-16;Levante;0;0;Getafe;0;0;;;0.527;0.473;6;14;0;0;3;11;14;10;3;3;0;0
2021-10-16;Real Sociedad;1;0;Mallorca;0;0;;;0.497;0.503;10;7;0;0;2;6;11;21;1;3;1;0
2021-10-16;Arsenal Tula;2;1;Zenit;0;0;;;0.28;0.72;7;25;4;8;2;8;11;8;5;1;0;0
2021-10-16;Rubin Kazan;2;2;Lokomotiv M.;1;0;;;0.37;0.63;16;22;9;7;3;9;15;15;2;3;0;0
2021-10-16;PFC Sochi;3;2;Rostov;3;0;;;0.47;0.53;9;9;5;2;4;4;13;9;2;3;0;0
2021-10-16;Spartak Moscow;2;2;Dinamo Moscow;0;1;;;0.53;0.47;18;8;4;2;7;1;11;13;2;6;0;0
2021-10-16;Clermont;1;0;Lille;1;0;;;0.43;0.57;9;9;3;2;6;10;9;8;1;3;0;0
2021-10-16;Lyon;2;0;Monaco;0;0;;;0.619;0.381;14;9;8;3;2;4;8;10;1;2;0;0
2021-10-17;Everton;0;1;West Ham Utd;0;0;451;451;0.39;0.61;15;16;2;4;7;9;3;3;0;2;0;0
2021-10-17;Newcastle Utd;2;3;Tottenham;1;3;451;451;0.355;0.645;7;14;1;4;2;9;13;4;4;1;1;0
2021-10-17;Leverkusen;1;5;Bayern Munich;0;5;451;451;0.44;0.56;7;27;3;16;4;7;9;9;0;0;0;0
2021-10-17;FC Augsburg;1;1;Bielefeld;1;0;352;352;0.5;0.5;14;10;8;7;9;5;8;15;3;1;0;0
2021-10-17;Rayo Vallecano;2;1;Elche;1;1;;;0.525;0.475;10;7;0;0;6;2;16;11;2;2;0;0
2021-10-17;Celta Vigo;0;1;Sevilla FC;0;0;;;0.46;0.54;14;8;0;0;5;4;13;9;2;3;0;0
2021-10-17;Villarreal;1;2;Osasuna;0;1;;;0.727;0.273;11;6;0;0;4;4;6;14;1;5;0;0
2021-10-17;FC Barcelona;3;1;Valencia;2;1;;;0.604;0.396;12;9;0;0;9;3;16;13;2;3;0;0
2021-10-17;Ural;0;1;CSKA Moscow;0;0;;;0.44;0.56;10;14;2;5;5;7;14;10;1;0;0;0
2021-10-17;Khimki;2;0;Akhmat Grozny;1;0;;;0.41;0.59;8;10;2;4;2;5;13;14;2;4;0;0
2021-10-17;Krylya Sovetov;2;0;Nizhny Novgorod;1;0;;;0.46;0.54;11;9;3;1;2;2;8;8;0;2;0;0
2021-10-17;FC Krasnodar;1;1;Ufa;0;1;;;0.65;0.35;23;6;6;1;10;0;12;11;2;3;0;0
2021-10-17;Troyes;1;0;Nice;1;0;;;0.382;0.618;8;11;3;3;4;3;10;20;2;1;0;0
2021-10-17;Brest;1;1;Reims;0;1;;;0.554;0.446;9;13;4;2;7;7;18;13;3;4;0;0
2021-10-17;Metz;0;3;Rennes;0;3;;;0.347;0.653;9;21;2;8;4;10;14;9;3;1;0;0
2021-10-17;Strasbourg;5;1;Saint-Etienne;2;1;;;0.517;0.483;12;4;6;2;7;4;18;10;3;2;0;1
2021-10-17;Montpellier;1;0;Lens;0;0;;;0.496;0.504;15;18;6;5;3;2;8;15;2;4;1;0
2021-10-17;Marseille;4;1;Lorient;1;1;;;0.639;0.361;16;15;6;7;6;4;7;10;0;1;0;0
2021-10-18;Arsenal;2;2;Crystal Palace;1;0;451;451;0.536;0.464;17;9;6;6;6;3;7;4;1;1;0;0
2021-10-18;Alaves;0;1;Real Betis;0;0;;;0.364;0.636;14;19;0;0;7;7;8;11;1;1;0;0
2021-10-18;Espanyol;2;0;Cadiz;1;0;;;0.544;0.456;14;13;0;0;7;9;8;10;1;0;0;0
2021-10-22;Arsenal;3;1;Aston Villa;2;0;451;352;0.538;0.462;22;10;9;4;7;4;17;10;2;5;0;0
2021-10-22;FSV Mainz;4;1;FC Augsburg;3;0;352;451;0.52;0.48;19;6;8;2;6;2;9;11;1;3;0;0
2021-10-22;Osasuna;1;1;Granada;1;0;;;0.422;0.578;17;9;0;0;4;1;15;11;1;3;1;0
2021-10-22;Dinamo Moscow;4;1;Khimki;2;0;;;0.47;0.53;17;4;8;2;3;3;11;5;0;1;0;0
2021-10-22;Saint-Etienne;2;2;Angers;0;1;;;0.639;0.361;17;4;6;2;6;1;12;18;0;3;0;0
2021-10-23;Chelsea;7;0;Norwich City;3;0;343;352;0.618;0.382;23;3;13;1;5;0;14;16;0;2;0;1
2021-10-23;Crystal Palace;1;1;Newcastle Utd;0;0;433;532;0.75;0.25;15;6;3;2;3;7;13;9;3;4;0;0
2021-10-23;Everton;2;5;Watford;1;1;451;451;0.501;0.499;15;20;4;8;3;5;9;13;4;3;0;0
2021-10-23;Leeds Utd;1;1;Wolverhampton;0;1;451;343;0.63;0.37;18;8;4;4;6;3;15;14;2;3;0;0
2021-10-23;Southampton;2;2;Burnley;1;1;442;442;0.613;0.387;16;9;4;5;6;2;10;11;1;3;0;0
2021-10-23;Brighton;1;4;Manchester City;0;3;352;433;0.477;0.523;10;23;5;14;7;6;10;6;2;3;0;0
2021-10-23;Bayern Munich;4;0;Hoffenheim;2;0;451;343;0.58;0.42;15;9;7;2;4;2;4;18;0;4;0;0
2021-10-23;Bielefeld;1;3;Dortmund;0;2;352;343;0.34;0.66;13;14;6;7;7;2;13;9;1;0;0;0
2021-10-23;RB Leipzig;4;1;Greuther Furth;0;1;343;451;0.52;0.48;13;8;5;4;3;4;15;12;2;0;0;0
2021-10-23;Wolfsburg;0;2;Freiburg;0;1;433;343;0.54;0.46;17;11;4;4;7;1;17;15;3;0;0;0
2021-10-23;Hertha Berlin;1;0;Monchengladbach;1;0;451;352;0.42;0.58;10;10;4;1;2;6;11;21;2;2;0;0
2021-10-23;Valencia;2;2;Mallorca;0;2;;;0.727;0.273;20;9;0;0;5;0;15;19;5;2;0;2
2021-10-23;Cadiz;0;2;Alaves;0;1;;;0.613;0.387;23;8;0;0;14;3;11;14;0;2;0;0
2021-10-23;Elche;2;2;Espanyol;1;0;;;0.576;0.424;12;20;0;0;3;7;15;9;3;1;0;0
2021-10-23;Athletic Bilbao;2;1;Villarreal;1;1;;;0.518;0.482;14;11;0;0;9;2;7;12;0;3;0;0
2021-10-23;Nizhny Novgorod;1;4;FC Krasnodar;0;1;;;0.38;0.62;3;23;2;12;8;6;8;11;4;3;0;0
2021-10-23;Rostov;4;0;Arsenal Tula;2;0;;;0.55;0.45;15;5;9;2;6;5;7;6;3;0;0;0
2021-10-23;CSKA Moscow;3;1;Krylya Sovetov;0;1;;;0.55;0.45;15;11;8;5;4;6;8;8;1;2;0;0
2021-10-23;Nantes;2;1;Clermont;1;0;;;0.458;0.542;8;4;4;1;1;3;15;11;1;0;1;1
2021-10-23;Lille;1;1;Brest;1;1;;;0.634;0.366;13;14;3;5;5;4;10;15;1;2;0;0
2021-10-24;Brentford;1;2;Leicester City;0;1;352;351;0.544;0.456;15;10;5;6;9;2;13;7;1;1;0;0
2021-10-24;West Ham Utd;1;0;Tottenham;0;0;451;451;0.377;0.623;13;7;4;4;2;4;11;4;2;1;0;0
2021-10-24;Manchester Utd;0;5;Liverpool;0;4;451;433;0.368;0.632;12;19;4;8;6;3;10;8;6;0;1;0
2021-10-24;FC Koln;2;2;Leverkusen;0;2;442;451;0.58;0.42;17;8;5;5;6;6;10;15;1;3;0;0
2021-10-24;Stuttgart;1;1;Union Berlin;0;1;352;352;0.56;0.44;8;11;2;3;1;2;16;13;2;1;1;0
2021-10-24;Bochum;2;0;E. Frankfurt;1;0;433;352;0.45;0.55;19;14;7;6;4;7;9;11;0;2;0;0
2021-10-24;Sevilla FC;5;3;Levante;3;1;;;0.607;0.393;18;12;0;0;10;4;13;6;1;2;0;0
2021-10-24;FC Barcelona;1;2;Real Madrid;0;1;;;0.516;0.484;12;10;0;0;7;4;17;13;1;1;0;0
2021-10-24;Real Betis;3;2;Rayo Vallecano;2;1;;;0.464;0.536;11;14;0;0;4;4;12;12;1;2;0;0
2021-10-24;Atletico Madrid;2;2;Real Sociedad;0;1;;;0.56;0.44;17;8;0;0;4;3;14;14;1;3;0;0
2021-10-24;Ufa;1;1;Rubin Kazan;1;0;;;0.48;0.52;13;9;5;3;8;4;16;5;4;1;0;0
2021-10-24;Akhmat Grozny;1;0;Ural;0;0;;;0.54;0.46;19;6;7;3;9;5;9;16;1;1;0;0
2021-10-24;Zenit;7;1;Spartak Moscow;4;0;;;0.47;0.53;15;16;12;5;6;4;8;11;1;2;0;1
2021-10-24;Nice;3;2;Lyon;0;1;;;0.424;0.576;17;13;7;8;3;2;11;7;1;0;0;1
2021-10-24;Lens;4;1;Metz;2;1;;;0.556;0.444;12;9;5;4;5;6;9;13;2;3;0;0
2021-10-24;Lorient;1;1;Bordeaux;0;0;;;0.538;0.462;15;11;4;5;9;4;12;13;4;2;0;1
2021-10-24;Reims;1;2;Troyes;1;1;;;0.553;0.447;18;7;5;4;7;1;14;13;2;2;1;0
2021-10-24;Rennes;1;0;Strasbourg;0;0;;;0.637;0.363;18;8;3;2;11;6;6;11;1;2;0;0
2021-10-24;Monaco;3;1;Montpellier;2;0;;;0.648;0.352;14;13;4;4;4;4;14;16;1;4;0;0
2021-10-24;Marseille;0;0;Paris SG;0;0;;;0.485;0.515;15;10;1;4;4;5;7;8;1;2;0;1
2021-10-25;Getafe;0;3;Celta Vigo;0;0;;;0.344;0.656;11;16;0;0;2;7;15;11;2;2;2;0
2021-10-25;Lokomotiv M.;2;1;PFC Sochi;1;0;;;0.43;0.57;11;7;4;1;4;8;11;13;3;3;0;0
2021-10-26;Alaves;1;0;Elche;0;0;;;0.383;0.617;16;4;0;0;4;7;13;9;1;1;0;0
2021-10-26;Espanyol;1;1;Athletic Bilbao;1;0;;;0.459;0.541;14;23;0;0;8;12;7;12;1;2;1;0
2021-10-26;Villarreal;3;3;Cadiz;1;2;;;0.775;0.225;14;9;0;0;8;2;13;9;3;6;0;0
2021-10-27;Mallorca;1;1;Sevilla FC;1;0;;;0.302;0.698;11;10;0;0;4;2;16;14;4;6;1;0
2021-10-27;Rayo Vallecano;1;0;FC Barcelona;1;0;;;0.313;0.687;12;16;0;0;3;7;17;12;2;2;0;0
2021-10-27;Real Betis;4;1;Valencia;2;1;;;0.611;0.389;14;10;0;0;4;7;14;19;2;5;0;0
2021-10-27;Real Madrid;0;0;Osasuna;0;0;;;0.747;0.253;17;7;0;0;11;3;12;10;1;1;0;0
2021-10-28;Celta Vigo;0;2;Real Sociedad;0;0;;;0.57;0.43;14;11;0;0;7;6;12;11;1;0;0;0
2021-10-28;Granada;1;1;Getafe;0;1;;;0.766;0.234;18;6;0;0;5;0;10;15;1;4;0;0
2021-10-28;Levante;2;2;Atletico Madrid;1;1;;;0.349;0.651;10;7;0;0;5;2;15;11;1;5;1;0
2021-10-29;Hoffenheim;2;0;Hertha Berlin;2;0;352;451;0.55;0.45;14;5;3;2;9;4;15;9;2;1;0;1
2021-10-29;Zenit;4;1;Dinamo Moscow;1;0;;;0.62;0.38;13;13;6;5;7;2;10;18;3;4;0;0
2021-10-29;Paris SG;2;1;Lille;0;1;;;0.6;0.4;17;11;6;3;4;5;7;10;1;5;0;0
2021-10-30;Leicester City;0;2;Arsenal;0;2;451;352;0.643;0.357;16;9;8;5;7;6;8;11;2;0;0;0
2021-10-30;Burnley;3;1;Brentford;3;0;442;352;0.406;0.594;15;12;6;5;4;2;7;10;1;1;0;0
2021-10-30;Liverpool;2;2;Brighton;2;1;433;451;0.584;0.416;14;9;3;6;5;3;8;5;2;2;0;0
2021-10-30;Manchester City;0;2;Crystal Palace;0;1;433;433;0.678;0.322;14;8;3;3;7;1;11;11;2;3;1;0
2021-10-30;Newcastle Utd;0;3;Chelsea;0;0;532;343;0.207;0.793;6;19;1;6;0;2;14;12;3;2;0;0
2021-10-30;Watford;0;1;Southampton;0;1;451;442;0.387;0.613;10;12;4;1;5;8;16;6;2;2;0;0
2021-10-30;Tottenham;0;3;Manchester Utd;0;1;451;352;0.582;0.418;9;10;0;4;10;1;12;14;2;3;0;0
2021-10-30;Bielefeld;1;2;FSV Mainz;1;1;352;352;0.52;0.48;15;16;7;6;6;6;16;9;2;3;0;0
2021-10-30;Dortmund;2;0;FC Koln;1;0;352;451;0.45;0.55;7;19;4;6;4;3;10;11;2;3;0;0
2021-10-30;Freiburg;3;1;Greuther Furth;2;0;451;433;0.51;0.49;13;8;5;4;5;2;10;13;0;2;0;0
2021-10-30;Leverkusen;0;2;Wolfsburg;0;0;343;343;0.61;0.39;12;13;1;8;10;2;11;15;3;2;0;1
2021-10-30;Union Berlin;2;5;Bayern Munich;1;3;352;451;0.4;0.6;9;14;9;14;6;1;9;7;1;1;0;0
2021-10-30;E. Frankfurt;1;1;RB Leipzig;0;1;343;343;0.49;0.51;12;13;3;7;5;5;11;9;1;1;0;0
2021-10-30;Elche;1;2;Real Madrid;0;1;;;0.437;0.563;13;17;0;0;5;4;11;13;0;0;1;0
2021-10-30;Sevilla FC;2;0;Osasuna;1;0;;;0.644;0.356;16;10;0;0;4;5;17;10;2;2;0;0
2021-10-30;Valencia;2;0;Villarreal;1;0;;;0.25;0.75;9;11;0;0;7;6;19;17;2;4;0;0
2021-10-30;FC Barcelona;1;1;Alaves;0;0;;;0.796;0.204;16;3;0;0;9;0;11;11;0;2;0;0
2021-10-30;Rubin Kazan;1;0;CSKA Moscow;0;0;;;0.5;0.5;17;18;6;5;4;3;8;14;2;4;0;0
2021-10-30;Spartak Moscow;1;1;Rostov;0;0;;;0.47;0.53;10;12;5;3;3;2;11;16;3;0;0;0
2021-10-30;FC Krasnodar;0;1;Krylya Sovetov;0;1;;;0.62;0.38;16;10;8;3;5;2;9;17;2;3;0;1
2021-10-30;Nizhny Novgorod;1;2;Lokomotiv M.;1;1;;;0.3;0.7;4;11;2;4;2;7;10;15;3;4;0;0
2021-10-30;Metz;1;1;Saint-Etienne;1;1;;;0.37;0.63;9;11;4;3;5;8;16;11;0;3;0;0
2021-10-30;Lyon;2;1;Lens;2;0;;;0.547;0.453;13;18;4;10;3;5;7;13;1;2;0;0
2021-10-31;Norwich City;1;2;Leeds Utd;0;0;442;343;0.479;0.521;14;13;3;6;5;0;14;23;1;4;0;0
2021-10-31;Aston Villa;1;4;West Ham Utd;1;2;433;451;0.424;0.576;9;21;3;8;3;6;7;13;1;2;1;0
2021-10-31;FC Augsburg;4;1;Stuttgart;1;1;451;352;0.38;0.62;20;12;12;3;7;5;15;12;3;4;0;0
2021-10-31;Monchengladbach;2;1;Bochum;2;0;451;451;0.6;0.4;14;11;5;4;9;1;7;15;1;1;0;0
2021-10-31;Cadiz;1;1;Mallorca;0;1;;;0.435;0.565;13;11;0;0;6;5;14;16;3;5;0;1
2021-10-31;Atletico Madrid;3;0;Real Betis;1;0;;;0.468;0.532;18;8;0;0;13;0;11;12;0;0;0;0
2021-10-31;Getafe;2;1;Espanyol;1;1;;;0.439;0.561;12;10;0;0;6;11;18;12;7;4;0;0
2021-10-31;Real Sociedad;1;1;Athletic Bilbao;0;0;;;0.542;0.458;8;11;0;0;2;7;21;14;4;1;0;1
2021-10-31;Ufa;1;0;Akhmat Grozny;0;0;;;0.44;0.56;8;6;4;1;1;3;10;10;2;3;0;0
2021-10-31;Arsenal Tula;1;2;PFC Sochi;0;1;;;0.55;0.45;13;11;4;3;3;3;9;15;1;3;0;0
2021-10-31;Khimki;0;0;Ural;0;0;;;0.55;0.45;15;10;3;8;7;1;14;16;3;2;0;0
2021-11-01;Wolverhampton;2;1;Everton;2;0;343;442;0.62;0.38;10;14;4;5;4;3;10;8;1;1;0;0
2021-11-01;Rayo Vallecano;0;0;Celta Vigo;0;0;;;0.53;0.47;11;10;0;0;4;7;13;14;2;5;0;0
2021-11-01;Levante;0;3;Granada;0;2;;;0.477;0.523;12;12;0;0;3;5;14;13;4;2;0;0
2021-11-05;Southampton;1;0;Aston Villa;1;0;442;451;0.564;0.436;9;14;3;3;10;8;12;12;2;2;0;0
2021-11-05;FSV Mainz;1;1;Monchengladbach;0;1;352;343;0.49;0.51;19;11;8;5;9;1;15;8;3;3;0;0
2021-11-05;Athletic Bilbao;0;1;Cadiz;0;1;;;0.703;0.297;15;8;0;0;5;1;14;19;3;1;0;0
2021-11-06;Manchester Utd;0;2;Manchester City;0;2;352;433;0.326;0.674;5;16;1;5;1;9;9;12;1;2;0;0
2021-11-06;Brentford;1;2;Norwich City;0;2;352;451;0.645;0.355;19;9;7;5;6;2;12;13;2;3;0;0
2021-11-06;Chelsea;1;1;Burnley;1;0;352;442;0.699;0.301;25;5;4;2;14;2;6;9;1;4;0;0
2021-11-06;Crystal Palace;2;0;Wolverhampton;0;0;433;343;0.597;0.403;13;4;6;2;4;6;14;13;2;1;0;0
2021-11-06;Brighton;1;1;Newcastle Utd;1;0;451;541;0.657;0.343;14;6;5;1;2;5;16;10;3;4;1;0
2021-11-06;Bayern Munich;2;1;Freiburg;1;0;451;343;0.62;0.38;29;14;11;4;6;4;5;13;0;0;0;0
2021-11-06;Bochum;2;0;Hoffenheim;0;0;433;352;0.41;0.59;14;9;4;1;2;4;7;20;1;5;0;0
2021-11-06;Stuttgart;0;1;Bielefeld;0;1;352;442;0.62;0.38;9;15;4;3;8;4;11;11;0;3;0;0
2021-11-06;Wolfsburg;1;0;FC Augsburg;1;0;343;442;0.6;0.4;9;13;4;3;0;8;14;13;2;3;0;0
2021-11-06;RB Leipzig;2;1;Dortmund;1;0;343;352;0.52;0.48;15;9;8;3;5;6;12;18;3;5;0;0
2021-11-06;Espanyol;2;0;Granada;2;0;;;0.431;0.569;17;18;0;0;5;3;12;8;1;1;0;0
2021-11-06;Celta Vigo;3;3;FC Barcelona;0;3;;;0.524;0.476;18;10;0;0;3;1;18;18;3;6;0;0
2021-11-06;Alaves;2;1;Levante;0;1;;;0.605;0.395;10;12;0;0;1;3;21;17;3;3;0;0
2021-11-06;Real Madrid;2;1;Rayo Vallecano;2;0;;;0.546;0.454;15;19;0;0;4;5;8;14;1;2;0;0
2021-11-06;Arsenal Tula;0;0;Ufa;0;0;;;0.62;0.38;9;8;3;2;6;4;15;8;3;1;0;1
2021-11-06;Dinamo Moscow;1;0;FC Krasnodar;0;0;;;0.39;0.61;9;18;4;6;1;5;13;12;2;1;0;0
2021-11-06;Krylya Sovetov;3;0;Khimki;2;0;;;0.51;0.49;12;9;3;3;4;2;7;10;3;4;0;0
2021-11-06;PFC Sochi;4;1;CSKA Moscow;3;0;;;0.5;0.5;14;13;7;6;6;2;7;8;1;0;0;0
2021-11-07;Arsenal;1;0;Watford;0;0;451;451;0.607;0.393;14;7;6;1;4;2;6;19;4;2;0;1
2021-11-07;Everton;0;0;Tottenham;0;0;451;433;0.558;0.442;18;9;5;3;10;5;12;5;1;1;0;0
2021-11-07;Leeds Utd;1;1;Leicester City;1;1;451;343;0.448;0.552;12;8;2;0;4;2;13;17;2;4;1;0
2021-11-07;West Ham Utd;3;2;Liverpool;1;1;451;433;0.309;0.691;7;16;3;5;3;2;11;6;1;1;0;0
2021-11-07;Hertha Berlin;1;1;Leverkusen;1;0;451;451;0.44;0.56;15;8;5;3;5;6;13;12;1;3;0;0
2021-11-07;FC Koln;2;2;Union Berlin;1;2;451;352;0.66;0.34;16;9;6;3;5;2;8;19;2;2;0;0
2021-11-07;Greuther Furth;1;2;E. Frankfurt;0;0;433;343;0.56;0.44;20;15;3;4;6;3;12;17;4;1;0;0
2021-11-07;Villarreal;1;0;Getafe;1;0;;;0.671;0.329;10;5;0;0;6;4;12;13;1;2;0;0
2021-11-07;Valencia;3;3;Atletico Madrid;0;1;;;0.483;0.517;11;13;0;0;9;0;12;17;2;2;0;0
2021-11-07;Mallorca;2;2;Elche;0;0;;;0.515;0.485;18;7;0;0;3;3;11;19;2;3;0;0
2021-11-07;Osasuna;0;2;Real Sociedad;0;0;;;0.429;0.571;6;9;0;0;5;2;11;12;0;2;0;0
2021-11-07;Real Betis;0;2;Sevilla FC;0;0;;;0.256;0.744;8;12;0;0;2;1;12;13;1;1;1;0
2021-11-07;Ural;0;0;Zenit;0;0;;;0.38;0.62;8;10;2;2;4;7;6;14;1;2;0;1
2021-11-07;Rostov;5;1;Rubin Kazan;1;1;;;0.46;0.54;20;17;9;8;3;5;10;7;2;3;0;0
2021-11-07;Akhmat Grozny;3;1;Nizhny Novgorod;1;0;;;0.62;0.38;22;5;10;1;3;3;14;9;2;1;0;0
2021-11-07;Spartak Moscow;1;1;Lokomotiv M.;0;1;;;0.41;0.59;8;13;2;2;5;3;19;16;3;6;1;1
2021-11-19;FC Augsburg;2;1;Bayern Munich;2;1;442;451;0.31;0.69;6;18;3;4;1;10;18;9;2;1;0;0
2021-11-20;Leicester City;0;3;Chelsea;0;2;343;343;0.383;0.617;4;16;3;7;3;5;15;8;3;1;0;0
2021-11-20;Aston Villa;2;0;Brighton;0;0;433;352;0.37;0.63;9;6;5;2;5;6;7;13;3;3;0;0
2021-11-20;Burnley;3;3;Crystal Palace;2;3;442;451;0.396;0.604;15;18;9;8;3;6;14;15;2;3;0;0
2021-11-20;Newcastle Utd;3;3;Brentford;2;2;343;343;0.523;0.477;23;10;9;4;8;2;13;11;2;2;0;0
2021-11-20;Norwich City;2;1;Southampton;1;1;433;442;0.369;0.631;8;17;4;5;5;7;8;9;3;2;0;0
2021-11-20;Watford;4;1;Manchester Utd;2;0;451;451;0.39;0.61;20;9;7;3;8;3;7;5;2;1;0;1
2021-11-20;Wolverhampton;1;0;West Ham Utd;0;0;343;451;0.528;0.472;15;9;5;3;7;3;6;9;1;1;0;0
2021-11-20;Liverpool;4;0;Arsenal;1;0;433;451;0.625;0.375;19;5;9;3;6;1;15;12;2;0;0;0
2021-11-20;Bielefeld;2;2;Wolfsburg;1;0;451;343;0.41;0.59;10;13;3;5;6;5;15;9;4;1;0;0
2021-11-20;Dortmund;2;1;Stuttgart;0;0;433;343;0.62;0.38;20;12;5;4;2;3;11;14;0;2;0;0
2021-11-20;Hoffenheim;2;0;RB Leipzig;1;0;433;451;0.47;0.53;24;4;8;0;7;2;17;17;2;2;0;0
2021-11-20;Leverkusen;1;0;Bochum;1;0;442;433;0.55;0.45;11;19;5;7;7;7;10;13;3;2;0;0
2021-11-20;Monchengladbach;4;0;Greuther Furth;3;0;352;433;0.55;0.45;19;4;11;2;7;7;11;13;1;3;0;0
2021-11-20;Union Berlin;2;0;Hertha Berlin;2;0;352;451;0.45;0.55;16;6;5;3;7;6;17;13;1;1;0;0
2021-11-21;Manchester City;3;0;Everton;1;0;433;451;0.773;0.227;17;4;7;1;7;1;5;7;1;1;0;0
2021-11-21;Tottenham;2;1;Leeds Utd;0;1;343;343;0.432;0.568;13;18;4;7;4;8;11;12;1;4;0;0
2021-11-21;Freiburg;0;2;E. Frankfurt;0;2;343;343;0.58;0.42;20;13;6;7;10;4;10;16;0;4;0;0
2021-11-21;FSV Mainz;1;1;FC Koln;1;0;352;451;0.44;0.56;11;11;2;5;5;7;18;7;2;1;0;0
2021-11-26;Stuttgart;2;1;FSV Mainz;1;1;343;352;0.5;0.5;8;18;3;5;5;6;7;17;2;2;0;0
2021-11-27;Arsenal;2;0;Newcastle Utd;0;0;451;442;0.656;0.344;24;9;6;5;4;4;6;12;1;3;0;0
2021-11-27;Crystal Palace;1;2;Aston Villa;0;1;451;433;0.633;0.367;8;10;3;3;7;3;12;10;3;3;0;1
2021-11-27;Liverpool;4;0;Southampton;3;0;433;343;0.645;0.355;20;7;6;3;5;7;7;14;0;1;0;0
2021-11-27;Norwich City;0;0;Wolverhampton;0;0;451;343;0.431;0.569;14;5;4;2;4;3;11;10;2;2;0;0
2021-11-27;Brighton;0;0;Leeds Utd;0;0;451;451;0.565;0.435;20;11;4;4;6;1;12;14;1;3;0;0
2021-11-27;Bochum;2;1;Freiburg;0;0;433;451;0.47;0.53;13;22;5;11;4;7;12;13;2;1;0;0
2021-11-27;FC Koln;4;1;Monchengladbach;0;0;451;343;0.46;0.54;15;15;9;5;4;4;15;11;1;3;0;0
2021-11-27;Greuther Furth;3;6;Hoffenheim;1;2;433;433;0.52;0.48;14;20;7;11;4;10;17;17;1;0;0;0
2021-11-27;Hertha Berlin;1;1;FC Augsburg;1;0;442;442;0.47;0.53;10;20;4;7;5;6;11;14;2;3;0;0
2021-11-27;Wolfsburg;1;3;Dortmund;1;1;343;451;0.44;0.56;16;16;8;8;7;7;9;11;4;1;0;0
2021-11-27;Bayern Munich;1;0;Bielefeld;0;0;451;451;0.7;0.3;23;8;9;0;13;4;8;13;1;1;0;0
2021-11-28;Brentford;1;0;Everton;1;0;352;451;0.397;0.603;6;14;4;5;3;3;8;11;4;3;0;0
2021-11-28;Leicester City;4;2;Watford;3;1;451;451;0.567;0.433;18;17;8;5;8;6;5;20;0;0;0;0
2021-11-28;Manchester City;2;1;West Ham Utd;1;0;433;451;0.685;0.315;19;5;9;3;8;4;7;6;2;0;0;0
2021-11-28;Chelsea;1;1;Manchester Utd;0;0;343;442;0.657;0.343;24;3;6;2;15;2;13;14;2;5;0;0
2021-11-28;E. Frankfurt;2;1;Union Berlin;1;0;343;352;0.56;0.44;17;7;4;4;7;2;4;7;0;4;0;0
2021-11-28;RB Leipzig;1;3;Leverkusen;0;2;442;451;0.56;0.44;14;11;3;4;7;2;10;9;1;3;0;0
2021-11-30;Newcastle Utd;1;1;Norwich City;0;0;442;451;0.314;0.686;9;16;1;6;2;5;8;11;0;0;1;0
2021-11-30;Leeds Utd;1;0;Crystal Palace;0;0;451;433;0.619;0.381;15;9;3;1;7;4;15;15;5;3;0;0
2021-12-01;Southampton;2;2;Leicester City;2;1;442;451;0.445;0.555;15;15;7;6;2;4;14;11;1;3;0;0
2021-12-01;Watford;1;2;Chelsea;1;1;451;343;0.498;0.502;14;8;6;4;6;0;18;16;4;3;0;0
2021-12-01;West Ham Utd;1;1;Brighton;1;0;451;451;0.343;0.657;14;9;6;3;9;5;10;8;1;1;0;0
2021-12-01;Wolverhampton;0;0;Burnley;0;0;343;442;0.652;0.348;16;6;2;1;5;5;5;7;2;3;0;0
2021-12-01;Aston Villa;1;2;Manchester City;0;2;433;451;0.36;0.64;9;17;3;7;4;10;8;12;0;0;0;0
2021-12-01;Everton;1;4;Liverpool;1;2;442;433;0.313;0.687;8;16;2;7;3;11;8;16;4;3;0;0
2021-12-02;Tottenham;2;0;Brentford;1;0;343;352;0.47;0.53;11;6;6;2;10;5;13;11;0;0;0;0
2021-12-02;Manchester Utd;3;2;Arsenal;1;1;451;451;0.445;0.555;14;17;10;8;3;8;9;10;1;0;0;0
2021-12-03;Union Berlin;2;1;RB Leipzig;1;1;352;343;0.44;0.56;14;11;4;2;5;7;12;8;1;1;0;0
2021-12-04;West Ham Utd;3;2;Chelsea;1;2;343;343;0.362;0.638;11;19;5;7;1;9;10;10;1;3;0;0
2021-12-04;Newcastle Utd;1;0;Burnley;1;0;442;442;0.478;0.522;19;10;4;1;10;3;11;9;1;1;0;0
2021-12-04;Southampton;1;1;Brighton;1;0;442;352;0.444;0.556;14;14;4;4;6;2;15;12;4;2;0;0
2021-12-04;Wolverhampton;0;1;Liverpool;0;0;343;433;0.329;0.671;3;17;1;5;2;8;4;7;2;2;0;0
2021-12-04;Watford;1;3;Manchester City;0;2;451;433;0.229;0.771;11;26;4;13;5;11;11;7;3;0;0;0
2021-12-04;Bielefeld;1;1;FC Koln;0;1;451;451;0.41;0.59;19;9;19;9;7;1;14;10;1;1;0;0
2021-12-04;FC Augsburg;2;3;Bochum;0;3;442;433;0.51;0.49;16;12;7;6;13;6;9;6;0;2;0;0
2021-12-04;FSV Mainz;3;0;Wolfsburg;2;0;352;343;0.44;0.56;12;16;5;0;6;5;18;10;1;1;0;0
2021-12-04;Hoffenheim;3;2;E. Frankfurt;2;1;343;343;0.49;0.51;8;17;4;2;4;6;9;12;2;2;0;0
2021-12-04;Leverkusen;7;1;Greuther Furth;3;1;451;451;0.58;0.42;14;8;8;3;4;3;13;8;0;1;0;0
2021-12-04;Dortmund;2;3;Bayern Munich;1;2;451;343;0.48;0.52;11;16;4;6;4;6;10;10;2;2;0;0
2021-12-05;Leeds Utd;2;2;Brentford;1;0;343;352;0.631;0.369;13;9;6;3;5;1;11;9;5;3;0;0
2021-12-05;Manchester Utd;1;0;Crystal Palace;0;0;442;433;0.613;0.387;16;8;3;2;9;6;16;9;2;2;0;0
2021-12-05;Tottenham;3;0;Norwich City;1;0;343;532;0.408;0.592;17;10;7;1;6;4;11;4;1;2;0;0
2021-12-05;Aston Villa;2;1;Leicester City;1;1;433;451;0.411;0.589;13;12;4;5;3;6;8;25;1;1;0;0
2021-12-05;Stuttgart;2;2;Hertha Berlin;2;1;352;442;0.57;0.43;10;15;3;8;7;5;9;16;0;1;0;0
2021-12-05;Monchengladbach;0;6;Freiburg;0;6;352;451;0.62;0.38;19;14;3;7;3;3;12;15;2;1;0;0
2021-12-06;Everton;2;1;Arsenal;0;1;451;451;0.361;0.639;11;10;5;3;3;3;8;12;2;2;0;0
2021-12-10;Brentford;2;1;Watford;0;1;352;451;0.634;0.366;14;6;5;2;8;2;12;18;4;0;0;0
2021-12-10;FC Koln;0;2;FC Augsburg;0;0;442;442;0.61;0.39;14;13;4;4;9;4;11;15;2;4;0;0
2021-12-11;Manchester City;1;0;Wolverhampton;0;0;433;352;0.71;0.29;24;2;10;1;14;1;12;5;3;2;0;1
2021-12-11;Arsenal;3;0;Southampton;2;0;451;442;0.613;0.387;15;11;5;6;9;8;5;9;2;0;0;0
2021-12-11;Chelsea;3;2;Leeds Utd;1;1;343;442;0.578;0.422;16;12;6;5;5;2;9;15;2;5;0;0
2021-12-11;Liverpool;1;0;Aston Villa;0;0;433;433;0.623;0.377;20;4;5;0;11;3;13;6;1;2;0;0
2021-12-11;Norwich City;0;1;Manchester Utd;0;0;433;442;0.472;0.528;11;13;5;5;8;6;6;17;1;1;0;0
2021-12-11;Bayern Munich;2;1;FSV Mainz;0;1;451;352;0.65;0.35;21;9;8;4;7;2;9;10;3;3;0;0
2021-12-11;Bochum;1;1;Dortmund;1;0;433;451;0.38;0.62;4;23;3;8;0;15;8;18;0;3;0;0
2021-12-11;Freiburg;1;2;Hoffenheim;1;1;451;343;0.45;0.55;14;14;6;8;6;7;13;9;4;3;0;0
2021-12-11;Hertha Berlin;2;0;Bielefeld;0;0;442;451;0.56;0.44;18;9;9;1;6;4;10;15;1;1;0;0
2021-12-11;RB Leipzig;4;1;Monchengladbach;2;0;352;433;0.52;0.48;19;12;10;4;6;0;20;15;3;2;0;0
2021-12-11;Wolfsburg;0;2;Stuttgart;0;1;442;352;0.52;0.48;19;12;3;3;5;3;17;9;2;2;0;0
2021-12-12;Burnley;0;0;West Ham Utd;0;0;442;451;0.401;0.599;9;16;1;3;6;14;13;11;2;1;0;0
2021-12-12;Leicester City;4;0;Newcastle Utd;1;0;451;442;0.473;0.527;8;12;5;3;4;6;9;16;2;3;0;0
2021-12-12;Crystal Palace;3;1;Everton;1;0;433;451;0.612;0.388;17;12;6;6;8;2;15;14;0;2;0;0
2021-12-12;Greuther Furth;1;0;Union Berlin;0;0;433;352;0.41;0.59;5;14;3;4;3;7;12;6;3;1;0;0
2021-12-12;E. Frankfurt;5;2;Leverkusen;2;2;343;451;0.49;0.51;15;11;7;4;7;4;11;11;0;3;0;0
2021-12-14;Norwich City;0;2;Aston Villa;0;1;433;433;0.502;0.498;7;17;3;6;7;10;12;9;3;1;0;0
2021-12-14;Manchester City;7;0;Leeds Utd;3;0;451;451;0.642;0.358;31;6;15;5;6;2;5;9;1;1;0;0
2021-12-14;Stuttgart;0;5;Bayern Munich;0;1;352;451;0.44;0.56;13;25;1;12;1;3;7;7;1;1;0;0
2021-12-14;Bielefeld;2;0;Bochum;0;0;442;433;0.52;0.48;13;5;4;3;6;2;13;9;2;2;0;0
2021-12-14;FSV Mainz;4;0;Hertha Berlin;2;0;352;442;0.64;0.36;21;7;11;1;4;2;10;14;0;2;0;0
2021-12-14;Wolfsburg;2;3;FC Koln;1;1;442;442;0.41;0.59;19;19;5;6;9;5;18;9;3;2;0;0
2021-12-15;Brighton;0;1;Wolverhampton;0;1;433;343;0.593;0.407;12;8;2;5;7;4;11;15;2;0;0;0
2021-12-15;Crystal Palace;2;2;Southampton;1;2;433;442;0.597;0.403;9;15;6;4;4;6;16;20;2;4;0;0
2021-12-15;Arsenal;2;0;West Ham Utd;0;0;451;451;0.562;0.438;21;7;8;1;5;2;9;9;2;0;0;1
2021-12-15;Monchengladbach;2;3;E. Frankfurt;1;1;343;343;0.54;0.46;19;13;8;4;7;1;8;19;2;4;0;1
2021-12-15;Dortmund;3;0;Greuther Furth;1;0;451;442;0.64;0.36;12;8;5;1;5;8;10;10;2;2;0;0
2021-12-15;FC Augsburg;1;1;RB Leipzig;0;1;442;352;0.37;0.63;8;13;1;4;6;8;15;8;2;0;0;0
2021-12-15;Leverkusen;2;2;Hoffenheim;1;0;451;343;0.5;0.5;17;17;9;6;6;3;14;6;4;3;1;0
2021-12-15;Union Berlin;0;0;Freiburg;0;0;352;343;0.54;0.46;18;9;5;3;4;3;10;13;1;1;0;0
2021-12-16;Chelsea;1;1;Everton;0;0;343;541;0.801;0.199;23;5;10;3;7;1;11;11;2;3;0;0
2021-12-16;Liverpool;3;1;Newcastle Utd;2;1;433;451;0.742;0.258;23;5;8;3;11;0;9;4;1;3;0;0
2021-12-17;Bayern Munich;4;0;Wolfsburg;1;0;451;343;0.61;0.39;24;7;9;2;5;3;10;4;0;0;0;0
2021-12-18;Leeds Utd;1;4;Arsenal;0;3;451;451;0.509;0.491;9;21;2;12;1;4;11;7;3;1;0;0
2021-12-18;Bochum;0;1;Union Berlin;0;1;433;352;0.56;0.44;13;9;3;3;1;5;13;9;2;0;0;0
2021-12-18;E. Frankfurt;1;0;FSV Mainz;1;0;343;352;0.55;0.45;13;11;4;5;8;6;11;9;0;1;0;0
2021-12-18;Greuther Furth;0;0;FC Augsburg;0;0;433;442;0.48;0.52;4;14;1;5;6;5;8;13;2;3;0;0
2021-12-18;Hoffenheim;1;1;Monchengladbach;0;1;343;451;0.61;0.39;21;11;8;5;15;3;6;9;2;2;0;0
2021-12-18;RB Leipzig;0;2;Bielefeld;0;0;352;433;0.7;0.3;15;4;4;4;10;1;6;16;0;2;0;1
2021-12-18;Hertha Berlin;3;2;Dortmund;0;1;442;442;0.43;0.57;14;9;5;3;1;5;4;19;0;1;0;0
2021-12-19;Newcastle Utd;0;4;Manchester City;0;2;451;451;0.281;0.719;5;18;1;7;3;6;9;6;1;2;0;0
2021-12-19;Wolverhampton;0;0;Chelsea;0;0;352;343;0.369;0.631;4;8;1;1;4;9;9;7;0;2;0;0
2021-12-19;Tottenham;2;2;Liverpool;1;1;532;433;0.437;0.563;10;18;5;6;6;4;12;11;4;4;0;1
2021-12-19;Freiburg;2;1;Leverkusen;1;1;451;451;0.47;0.53;14;6;6;4;4;8;6;8;2;3;0;0
2021-12-19;FC Koln;1;0;Stuttgart;0;0;442;343;0.53;0.47;8;6;2;2;2;1;17;13;3;1;0;0
2021-12-26;Manchester City;6;3;Leicester City;4;0;433;451;0.718;0.282;17;14;9;8;14;4;11;9;1;2;0;0
2021-12-26;Norwich City;0;5;Arsenal;0;2;451;451;0.352;0.648;4;16;2;6;3;4;13;7;1;2;0;0
2021-12-26;Tottenham;3;0;Crystal Palace;2;0;343;433;0.597;0.403;17;4;6;0;4;2;16;9;1;1;0;1
2021-12-26;West Ham Utd;2;3;Southampton;0;1;451;451;0.558;0.442;11;11;5;6;10;2;10;9;2;3;0;0
2021-12-26;Aston Villa;1;3;Chelsea;1;1;442;343;0.421;0.579;8;10;1;4;2;5;8;11;3;1;0;0
2021-12-26;Brighton;2;0;Brentford;2;0;442;352;0.504;0.496;15;16;5;6;6;9;8;10;1;3;0;0
2021-12-27;Newcastle Utd;1;1;Manchester Utd;1;0;451;442;0.314;0.686;13;13;8;4;2;3;11;8;3;3;0;0
2021-12-28;Crystal Palace;3;0;Norwich City;3;0;433;451;0.509;0.491;19;12;6;3;8;8;9;13;1;2;0;0
2021-12-28;Southampton;1;1;Tottenham;1;1;532;343;0.346;0.654;9;21;2;11;3;7;15;5;2;2;1;0
2021-12-28;Watford;1;4;West Ham Utd;1;2;451;451;0.43;0.57;14;13;5;6;4;5;12;12;0;1;0;0
2021-12-28;Leicester City;1;0;Liverpool;0;0;442;433;0.366;0.634;6;21;1;4;1;12;8;11;0;1;0;0
2021-12-29;Chelsea;1;1;Brighton;1;0;343;343;0.477;0.523;11;18;5;6;10;8;14;7;4;1;0;0
2021-12-29;Brentford;0;1;Manchester City;0;1;352;433;0.237;0.763;6;12;2;3;3;5;12;10;0;0;0;0
2021-12-30;Manchester Utd;3;1;Burnley;3;1;442;442;0.573;0.427;18;10;6;3;7;5;5;10;0;0;0;0
2022-01-01;Arsenal;1;2;Manchester City;1;0;451;433;0.288;0.712;7;15;2;2;5;5;13;5;3;2;1;0
2022-01-01;Watford;0;1;Tottenham;0;0;442;343;0.258;0.742;6;21;4;9;3;7;6;9;0;1;0;0
2022-01-01;Crystal Palace;2;3;West Ham Utd;0;3;433;451;0.622;0.378;22;10;6;5;9;1;6;17;0;2;0;0
2022-01-02;Brentford;2;1;Aston Villa;1;1;352;433;0.454;0.546;10;16;4;5;3;7;17;11;2;2;0;0
2022-01-02;Everton;2;3;Brighton;0;2;541;442;0.499;0.501;17;12;6;5;8;5;5;12;5;12;0;0
2022-01-02;Leeds Utd;3;1;Burnley;1;0;343;442;0.553;0.447;22;8;7;2;9;3;11;7;2;1;0;0
2022-01-02;Chelsea;2;2;Liverpool;2;2;343;433;0.553;0.447;15;10;6;6;6;7;5;13;1;2;0;0
2022-01-03;Manchester Utd;0;1;Wolverhampton;0;0;442;343;0.513;0.487;9;19;2;6;3;8;9;8;3;1;0;0
2022-01-07;Bayern Munich;1;2;Monchengladbach;1;2;451;343;0.59;0.41;19;9;8;3;6;6;18;11;0;1;0;0
2022-01-08;Freiburg;2;2;Bielefeld;1;0;451;451;0.5;0.5;18;15;6;5;7;12;6;5;2;1;0;0
2022-01-08;Greuther Furth;0;0;Stuttgart;0;0;433;343;0.43;0.57;10;18;3;3;1;5;8;12;0;1;0;0
2022-01-08;Hoffenheim;3;1;FC Augsburg;2;1;352;442;0.57;0.43;12;9;5;4;2;4;17;8;1;0;0;0
2022-01-08;Leverkusen;2;2;Union Berlin;1;1;451;352;0.6;0.4;18;17;9;7;11;5;8;11;1;2;0;0
2022-01-08;RB Leipzig;4;1;FSV Mainz;1;0;352;352;0.64;0.36;15;2;8;1;6;1;6;10;0;2;0;1
2022-01-08;E. Frankfurt;2;3;Dortmund;2;0;352;433;0.4;0.6;12;21;5;8;4;11;14;6;3;2;0;0
2022-01-09;Hertha Berlin;1;3;FC Koln;0;2;442;442;0.51;0.49;10;14;5;7;10;4;9;16;3;1;0;0
2022-01-09;Bochum;1;0;Wolfsburg;0;0;433;343;0.53;0.47;12;12;3;4;4;2;15;18;1;2;0;0
2022-01-11;Southampton;4;1;Brentford;2;1;352;352;0.489;0.511;12;5;6;4;5;2;9;8;0;1;0;0
2022-01-12;West Ham Utd;2;0;Norwich City;1;0;451;451;0.616;0.384;13;7;5;3;11;2;9;8;0;0;0;0
2022-01-14;Brighton;1;1;Crystal Palace;0;0;442;433;0.633;0.367;19;3;4;1;9;0;11;7;0;2;0;0
2022-01-14;Dortmund;5;1;Freiburg;3;0;433;451;0.64;0.36;21;4;8;4;9;2;8;8;2;0;0;0
2022-01-15;Manchester City;1;0;Chelsea;0;0;451;343;0.557;0.443;11;4;6;1;9;1;11;6;0;2;0;0
2022-01-15;Newcastle Utd;1;1;Watford;0;0;433;433;0.52;0.48;12;18;1;5;4;6;13;13;3;2;0;0
2022-01-15;Norwich City;2;1;Everton;2;0;442;442;0.404;0.596;14;12;3;5;8;8;12;14;3;1;0;0
2022-01-15;Wolverhampton;3;1;Southampton;1;0;343;352;0.427;0.573;9;13;5;10;2;10;13;14;2;3;0;0
2022-01-15;Aston Villa;2;2;Manchester Utd;0;1;433;433;0.546;0.454;13;13;9;6;3;6;8;13;1;2;0;0
2022-01-15;FC Koln;0;4;Bayern Munich;0;2;442;451;0.54;0.46;12;19;3;9;5;12;6;10;1;0;0;0
2022-01-15;FSV Mainz;1;0;Bochum;0;0;352;433;0.56;0.44;19;12;5;3;7;3;19;14;3;3;0;0
2022-01-15;Stuttgart;0;2;RB Leipzig;0;1;343;352;0.5;0.5;16;7;10;3;5;1;12;13;3;1;0;0
2022-01-15;Union Berlin;2;1;Hoffenheim;1;1;352;352;0.43;0.57;6;12;3;5;0;8;10;11;0;3;0;0
2022-01-15;Wolfsburg;0;0;Hertha Berlin;0;0;343;442;0.51;0.49;7;5;3;1;3;2;12;12;1;1;0;0
2022-01-15;Monchengladbach;1;2;Leverkusen;0;0;343;451;0.52;0.48;16;29;6;13;5;7;8;18;2;3;0;0
2022-01-16;Liverpool;3;0;Brentford;1;0;433;352;0.683;0.317;27;6;13;1;9;0;6;6;0;1;0;0
2022-01-16;West Ham Utd;2;3;Leeds Utd;1;2;451;451;0.474;0.526;15;18;5;5;4;3;6;9;3;2;0;0
2022-01-16;FC Augsburg;1;1;E. Frankfurt;1;1;442;343;0.47;0.53;12;14;5;4;4;3;12;14;3;3;0;0
2022-01-16;Bielefeld;2;2;Greuther Furth;1;1;442;442;0.43;0.57;13;6;5;3;3;5;16;6;4;1;0;0
2022-01-18;Brighton;1;1;Chelsea;0;1;451;442;0.432;0.568;10;15;10;15;5;7;8;5;1;2;0;0
2022-01-19;Leicester City;2;3;Tottenham;1;1;352;352;0.488;0.512;14;27;4;10;3;8;6;12;1;2;0;0
2022-01-19;Brentford;1;3;Manchester Utd;0;0;352;451;0.437;0.563;18;13;9;5;6;9;7;9;0;0;0;0
2022-01-21;Watford;0;3;Norwich City;0;0;433;442;0.685;0.315;15;7;4;2;5;1;16;11;0;1;1;0
2022-01-21;E. Frankfurt;0;2;Bielefeld;0;2;343;433;0.65;0.35;17;8;7;5;10;1;7;10;4;2;0;0
2022-01-22;Everton;0;1;Aston Villa;0;1;442;433;0.496;0.504;15;8;1;3;9;2;14;16;5;4;0;0
2022-01-22;Brentford;1;2;Wolverhampton;0;0;352;352;0.495;0.505;11;7;1;2;6;3;6;7;2;3;0;1
2022-01-22;Leeds Utd;0;1;Newcastle Utd;0;0;451;433;0.63;0.37;13;15;4;3;6;7;9;9;4;2;0;0
2022-01-22;Manchester Utd;1;0;West Ham Utd;0;0;451;451;0.569;0.431;18;6;3;1;3;3;9;8;1;1;0;0
2022-01-22;Southampton;1;1;Manchester City;1;0;442;433;0.258;0.742;7;20;3;5;2;11;13;5;3;0;0;0
2022-01-22;Freiburg;2;0;Stuttgart;1;0;442;343;0.5;0.5;15;7;4;1;6;3;12;7;1;1;0;0
2022-01-22;Greuther Furth;2;1;FSV Mainz;1;0;433;352;0.48;0.52;11;16;7;4;7;8;12;15;1;1;0;0
2022-01-22;Hoffenheim;2;3;Dortmund;1;1;352;433;0.57;0.43;14;4;2;2;7;3;14;7;2;2;0;0
2022-01-22;Leverkusen;5;1;FC Augsburg;2;0;451;442;0.62;0.38;22;14;12;5;9;5;8;7;1;2;0;0
2022-01-22;Monchengladbach;1;2;Union Berlin;1;1;343;352;0.56;0.44;12;6;5;3;4;1;11;19;1;2;0;0
2022-01-22;Bochum;2;2;FC Koln;1;2;433;442;0.56;0.44;17;7;7;3;1;5;11;12;0;3;0;0
2022-01-23;Arsenal;0;0;Burnley;0;0;451;442;0.756;0.244;20;10;5;1;12;4;9;13;0;2;0;0
2022-01-23;Crystal Palace;1;3;Liverpool;0;2;433;433;0.434;0.566;8;14;5;7;2;5;12;10;4;1;0;0
2022-01-23;Leicester City;1;1;Brighton;0;0;451;442;0.438;0.562;15;14;5;5;4;5;6;8;0;1;0;0
2022-01-23;Chelsea;2;0;Tottenham;0;0;433;442;0.646;0.354;15;6;7;3;10;3;17;14;2;1;0;0
2022-01-23;RB Leipzig;2;0;Wolfsburg;0;0;343;343;0.55;0.45;12;9;4;3;4;3;17;16;5;1;0;0
2022-01-23;Hertha Berlin;1;4;Bayern Munich;0;2;352;343;0.37;0.63;5;29;2;20;4;9;9;9;1;0;0;0
2022-02-04;Hertha Berlin;1;1;Bochum;1;0;442;433;0.49;0.51;13;9;3;4;4;7;14;22;3;1;0;0
2022-02-05;Burnley;0;0;Watford;0;0;442;442;0.516;0.484;13;11;2;5;4;7;16;9;1;2;0;0
2022-02-05;Bielefeld;1;1;Monchengladbach;1;1;451;343;0.43;0.57;10;23;5;4;5;11;14;11;3;3;0;0
2022-02-05;FC Augsburg;2;0;Union Berlin;1;0;442;352;0.5;0.5;14;14;9;4;4;6;8;16;0;2;0;0
2022-02-05;FC Koln;1;0;Freiburg;1;0;442;451;0.48;0.52;14;18;3;2;8;8;14;16;2;2;0;0
2022-02-05;FSV Mainz;2;0;Hoffenheim;0;0;352;352;0.44;0.56;9;13;4;3;5;3;12;13;0;2;0;0
2022-02-05;Stuttgart;2;3;E. Frankfurt;1;1;451;352;0.55;0.45;15;15;6;6;3;14;7;12;0;0;0;0
2022-02-05;Bayern Munich;3;2;RB Leipzig;2;1;343;352;0.57;0.43;25;13;8;7;2;0;11;12;1;3;0;0
2022-02-06;Dortmund;2;5;Leverkusen;1;3;433;451;0.6;0.4;14;10;6;7;7;6;8;10;1;1;0;0
2022-02-06;Wolfsburg;4;1;Greuther Furth;1;1;343;433;0.55;0.45;12;8;6;4;2;3;11;13;1;2;0;0
2022-02-08;Newcastle Utd;3;1;Everton;1;1;433;343;0.393;0.607;20;11;9;3;6;2;13;13;2;3;0;0
2022-02-08;West Ham Utd;1;0;Watford;0;0;451;442;0.643;0.357;9;6;3;1;5;6;1;6;1;0;0;0
2022-02-08;Burnley;1;1;Manchester Utd;0;1;442;451;0.359;0.641;9;22;3;5;2;10;11;10;2;1;0;0
2022-02-09;Manchester City;2;0;Brentford;1;0;433;352;0.756;0.244;15;6;7;2;9;3;7;13;0;0;0;0
2022-02-09;Norwich City;1;1;Crystal Palace;1;0;442;433;0.283;0.717;5;13;1;5;4;6;11;16;1;2;0;0
2022-02-09;Tottenham;2;3;Southampton;1;1;343;442;0.477;0.523;8;23;3;10;2;8;7;13;2;3;0;0
2022-02-09;Aston Villa;3;3;Leeds Utd;3;2;433;451;0.395;0.605;12;16;4;8;6;11;11;9;1;3;1;0
2022-02-10;Liverpool;2;0;Leicester City;1;0;433;451;0.65;0.35;22;5;11;1;7;6;11;7;1;0;0;0
2022-02-10;Wolverhampton;0;1;Arsenal;0;1;343;451;0.583;0.417;15;12;4;2;7;4;12;13;2;3;0;1
2022-02-11;RB Leipzig;3;1;FC Koln;1;0;352;451;0.51;0.49;6;9;4;2;5;6;6;11;1;2;0;0
2022-02-12;Manchester Utd;1;1;Southampton;1;0;451;442;0.523;0.477;12;13;8;4;1;4;12;13;4;0;0;0
2022-02-12;Brentford;0;0;Crystal Palace;0;0;352;433;0.426;0.574;9;6;2;3;3;9;10;10;1;0;0;0
2022-02-12;Everton;3;0;Leeds Utd;2;0;442;343;0.417;0.583;21;7;10;0;5;3;8;9;1;1;0;0
2022-02-12;Watford;0;2;Brighton;0;1;442;352;0.352;0.648;9;11;1;6;4;5;16;9;3;2;0;0
2022-02-12;Norwich City;0;4;Manchester City;0;1;433;433;0.285;0.715;8;22;3;9;4;12;7;8;0;2;0;0
2022-02-12;Bochum;4;2;Bayern Munich;4;1;433;451;0.4;0.6;12;22;7;5;4;9;13;7;2;1;0;0
2022-02-12;E. Frankfurt;0;2;Wolfsburg;0;1;343;343;0.6;0.4;15;11;2;3;10;1;12;9;1;2;0;0
2022-02-12;Freiburg;1;1;FSV Mainz;0;1;451;343;0.59;0.41;16;20;5;5;7;3;14;15;0;2;0;0
2022-02-12;Greuther Furth;2;1;Hertha Berlin;1;0;442;442;0.47;0.53;19;24;10;7;8;8;11;12;2;4;0;0
2022-02-12;Monchengladbach;3;2;FC Augsburg;1;0;343;442;0.57;0.43;14;14;5;8;3;2;8;12;2;2;0;0
2022-02-12;Leverkusen;4;2;Stuttgart;1;0;451;451;0.64;0.36;20;8;6;4;10;0;10;6;3;2;0;0
2022-02-13;Burnley;0;1;Liverpool;0;1;442;433;0.326;0.674;8;12;5;4;5;8;7;6;0;1;0;0
2022-02-13;Newcastle Utd;1;0;Aston Villa;1;0;433;433;0.37;0.63;10;11;2;1;3;6;22;15;3;4;0;0
2022-02-13;Tottenham;0;2;Wolverhampton;0;2;343;352;0.586;0.414;17;11;7;7;7;3;13;13;3;1;0;0
2022-02-13;Leicester City;2;2;West Ham Utd;1;1;433;451;0.554;0.446;13;8;2;3;5;4;10;9;1;2;0;0
2022-02-13;Union Berlin;0;3;Dortmund;0;2;352;352;0.41;0.59;12;10;2;6;2;5;20;9;4;1;0;0
2022-02-13;Hoffenheim;2;0;Bielefeld;1;0;343;451;0.53;0.47;25;8;9;4;13;3;12;12;2;0;0;0
2022-02-15;Manchester Utd;2;0;Brighton;0;0;451;442;0.5;0.5;19;10;7;3;10;2;8;10;3;1;0;1
2022-02-18;FSV Mainz;3;2;Leverkusen;0;1;343;451;0.43;0.57;17;8;5;6;6;2;15;13;2;2;0;0
2022-02-19;West Ham Utd;1;1;Newcastle Utd;1;1;451;433;0.47;0.53;11;14;3;3;3;7;3;7;3;3;0;0
2022-02-19;Arsenal;2;1;Brentford;0;0;451;352;0.664;0.336;24;6;8;2;14;0;10;5;1;1;0;0
2022-02-19;Aston Villa;0;1;Watford;0;0;433;433;0.596;0.404;20;8;1;4;10;5;12;7;1;2;0;0
2022-02-19;Brighton;0;3;Burnley;0;2;442;442;0.689;0.311;11;10;1;4;4;4;12;12;1;4;0;0
2022-02-19;Crystal Palace;0;1;Chelsea;0;0;451;433;0.426;0.574;7;9;0;3;4;4;4;20;1;3;0;0
2022-02-19;Liverpool;3;1;Norwich City;0;0;433;433;0.694;0.306;29;6;8;1;8;4;7;8;0;1;0;0
2022-02-19;Southampton;2;0;Everton;0;0;442;442;0.558;0.442;19;9;11;0;4;4;6;9;0;2;0;0
2022-02-19;Manchester City;2;3;Tottenham;1;1;433;343;0.712;0.288;21;6;4;5;10;0;5;7;0;3;0;0
2022-02-19;Bielefeld;1;0;Union Berlin;0;0;451;352;0.42;0.58;11;11;3;4;6;4;6;15;0;2;0;0
2022-02-19;FC Augsburg;1;2;Freiburg;1;2;442;451;0.54;0.46;17;15;4;5;11;4;11;8;1;1;0;0
2022-02-19;Stuttgart;1;1;Bochum;0;0;451;433;0.56;0.44;15;13;7;5;6;0;7;17;0;4;0;0
2022-02-19;Wolfsburg;1;2;Hoffenheim;1;0;343;343;0.55;0.45;14;10;6;4;5;2;10;17;1;2;0;0
2022-02-19;FC Koln;1;0;E. Frankfurt;0;0;451;352;0.58;0.42;13;10;8;2;5;6;9;16;1;2;0;0
2022-02-20;Leeds Utd;2;4;Manchester Utd;0;2;451;451;0.545;0.455;16;15;6;9;3;3;13;19;6;3;0;0
2022-02-20;Wolverhampton;2;1;Leicester City;1;1;352;433;0.363;0.637;11;17;3;7;7;10;12;9;4;4;0;0
2022-02-20;Bayern Munich;4;1;Greuther Furth;0;1;451;442;0.69;0.31;22;8;8;3;6;4;15;17;2;1;0;0
2022-02-20;Dortmund;6;0;Monchengladbach;2;0;343;343;0.51;0.49;16;8;10;5;5;5;17;11;2;1;0;0
2022-02-20;Hertha Berlin;1;6;RB Leipzig;0;1;433;352;0.38;0.62;8;16;4;10;3;10;10;8;2;3;1;0
2022-02-23;Burnley;1;0;Tottenham;0;0;442;343;0.341;0.659;15;12;4;2;3;7;8;8;0;0;0;0
2022-02-23;Watford;1;4;Crystal Palace;1;2;433;433;0.453;0.547;8;7;1;5;6;4;12;9;2;1;0;0
2022-02-23;Liverpool;6;0;Leeds Utd;3;0;433;451;0.637;0.363;23;2;15;2;4;0;5;11;0;3;0;0
2022-02-24;Arsenal;2;1;Wolverhampton;0;1;451;343;0.555;0.445;26;6;5;2;5;4;8;9;1;1;0;0
2022-02-25;Southampton;2;0;Norwich City;1;0;442;451;0.581;0.419;27;8;9;1;13;6;12;9;1;2;0;0
2022-02-25;Hoffenheim;2;1;Stuttgart;0;0;352;451;0.54;0.46;21;13;7;4;9;3;14;13;3;2;0;0
2022-02-26;Leeds Utd;0;4;Tottenham;0;3;451;343;0.496;0.504;19;15;3;11;3;6;16;11;4;2;0;0
2022-02-26;Brentford;0;2;Newcastle Utd;0;2;433;433;0.373;0.627;6;26;1;11;6;6;9;7;3;1;1;0
2022-02-26;Crystal Palace;1;1;Burnley;1;0;433;442;0.592;0.408;11;5;4;1;5;4;5;16;0;2;0;0
2022-02-26;Manchester Utd;0;0;Watford;0;0;451;433;0.673;0.327;22;10;3;2;4;3;2;7;0;0;0;0
2022-02-26;Brighton;0;2;Aston Villa;0;1;352;433;0.665;0.335;12;9;1;4;7;2;17;11;4;5;0;0
2022-02-26;Everton;0;1;Manchester City;0;0;433;433;0.326;0.674;6;13;2;8;3;4;7;14;3;2;0;0
2022-02-26;Freiburg;3;0;Hertha Berlin;1;0;451;433;0.6;0.4;16;17;5;2;6;6;13;10;1;2;0;0
2022-02-26;Greuther Furth;1;1;FC Koln;0;0;442;451;0.43;0.57;13;17;6;5;7;11;15;13;1;2;0;0
2022-02-26;Leverkusen;3;0;Bielefeld;1;0;451;451;0.68;0.32;21;8;9;2;6;3;8;10;0;1;0;0
2022-02-26;Monchengladbach;2;2;Wolfsburg;1;2;352;343;0.62;0.38;23;6;11;3;7;4;12;14;2;4;0;1
2022-02-26;Union Berlin;3;1;FSV Mainz;1;0;352;343;0.53;0.47;7;14;3;1;2;6;13;17;4;3;0;1
2022-02-26;E. Frankfurt;0;1;Bayern Munich;0;0;343;352;0.36;0.64;6;20;1;9;2;8;16;3;1;2;0;0
2022-02-27;West Ham Utd;1;0;Wolverhampton;0;0;343;343;0.39;0.61;13;14;4;1;3;5;8;2;1;0;0;0
2022-02-27;Bochum;0;1;RB Leipzig;0;0;433;352;0.53;0.47;13;6;2;1;5;0;15;9;1;1;0;0
2022-02-27;FC Augsburg;1;1;Dortmund;0;1;352;352;0.39;0.61;8;11;3;7;5;5;15;8;2;1;0;0
2022-03-01;Burnley;0;2;Leicester City;0;0;442;433;0.448;0.552;9;22;2;6;6;8;10;13;1;1;0;0
2022-03-04;Bielefeld;0;1;FC Augsburg;0;0;451;343;0.5;0.5;6;7;1;1;6;1;12;10;3;4;0;0
2022-03-05;Leicester City;1;0;Leeds Utd;0;0;433;451;0.51;0.49;7;19;4;4;5;10;9;12;1;2;0;0
2022-03-05;Aston Villa;4;0;Southampton;2;0;442;442;0.382;0.618;14;11;9;1;4;7;10;8;1;1;0;0
2022-03-05;Burnley;0;4;Chelsea;0;0;442;433;0.274;0.726;6;11;1;5;5;2;12;7;2;0;0;0
2022-03-05;Newcastle Utd;2;1;Brighton;2;0;433;442;0.324;0.676;10;15;4;4;4;7;8;10;1;1;0;0
2022-03-05;Norwich City;1;3;Brentford;0;1;451;451;0.596;0.404;15;10;7;6;5;5;13;18;2;5;0;0
2022-03-05;Wolverhampton;0;2;Crystal Palace;0;2;343;451;0.64;0.36;12;12;5;8;7;7;13;8;0;3;0;0
2022-03-05;Liverpool;1;0;West Ham Utd;1;0;433;442;0.687;0.313;22;13;5;5;4;6;7;7;2;1;0;0
2022-03-05;Bayern Munich;1;1;Leverkusen;1;1;451;352;0.65;0.35;20;9;6;2;7;2;10;14;1;2;0;0
2022-03-05;Bochum;2;1;Greuther Furth;1;0;433;442;0.49;0.51;15;9;9;2;3;6;16;14;2;4;0;0
2022-03-05;Hertha Berlin;1;4;E. Frankfurt;0;1;451;343;0.48;0.52;10;12;4;6;3;8;10;16;2;2;0;0
2022-03-05;RB Leipzig;1;1;Freiburg;0;1;352;352;0.65;0.35;14;4;5;3;4;1;8;15;1;0;0;0
2022-03-05;Wolfsburg;1;0;Union Berlin;1;0;442;352;0.49;0.51;9;17;3;5;6;10;12;15;0;1;0;0
2022-03-05;Stuttgart;3;2;Monchengladbach;1;2;433;433;0.57;0.43;18;9;7;3;5;2;7;10;1;2;0;0
2022-03-06;Watford;2;3;Arsenal;1;2;433;451;0.43;0.57;13;16;7;4;1;5;5;12;1;2;0;0
2022-03-06;Manchester City;4;1;Manchester Utd;2;1;433;451;0.694;0.306;24;5;10;2;9;3;10;14;0;1;0;0
2022-03-06;FC Koln;0;1;Hoffenheim;0;0;451;352;0.54;0.46;10;13;3;3;4;1;9;12;1;4;0;0
2022-03-07;Tottenham;5;0;Everton;3;0;343;451;0.55;0.45;14;6;7;0;5;0;15;10;2;0;0;0
2022-03-10;Norwich City;1;3;Chelsea;0;2;532;343;0.337;0.663;8;15;3;7;3;8;8;15;0;2;0;0
2022-03-10;Southampton;1;2;Newcastle Utd;1;1;442;433;0.678;0.322;14;8;5;4;12;5;6;7;1;1;0;0
2022-03-10;Wolverhampton;4;0;Watford;3;0;343;433;0.658;0.342;10;9;5;0;5;2;11;10;2;2;0;0
2022-03-10;Leeds Utd;0;3;Aston Villa;0;1;451;442;0.509;0.491;4;15;1;9;3;5;17;11;5;3;0;0
2022-03-12;Brighton;0;2;Liverpool;0;1;451;433;0.518;0.482;8;18;3;9;7;5;12;15;3;1;0;0
2022-03-12;Brentford;2;0;Burnley;0;0;433;442;0.549;0.451;13;7;4;1;2;9;6;10;1;1;0;1
2022-03-12;Manchester Utd;3;2;Tottenham;2;1;451;343;0.435;0.565;10;10;6;3;4;5;8;7;2;1;0;0
2022-03-12;Freiburg;3;2;Wolfsburg;2;0;352;343;0.45;0.55;16;11;8;6;7;5;11;9;2;0;0;0
2022-03-12;Hoffenheim;1;1;Bayern Munich;1;1;343;343;0.42;0.58;9;18;6;8;3;8;12;9;4;1;0;0
2022-03-12;Union Berlin;1;1;Stuttgart;1;0;352;433;0.44;0.56;11;11;3;3;2;2;25;12;3;2;0;0
2022-03-12;Monchengladbach;2;0;Hertha Berlin;1;0;343;352;0.52;0.48;12;12;5;3;3;6;7;17;3;1;0;0
2022-03-13;Chelsea;1;0;Newcastle Utd;0;0;433;541;0.728;0.272;8;7;3;2;7;2;17;17;4;3;0;0
2022-03-13;Everton;0;1;Wolverhampton;0;0;343;352;0.38;0.62;7;14;2;3;5;2;13;11;2;1;1;0
2022-03-13;Leeds Utd;2;1;Norwich City;1;0;451;433;0.525;0.475;13;12;7;4;6;2;18;8;3;1;0;0
2022-03-13;Southampton;1;2;Watford;1;2;442;433;0.625;0.375;13;9;7;5;11;3;8;12;3;2;0;0
2022-03-13;West Ham Utd;2;1;Aston Villa;0;0;451;442;0.471;0.529;11;13;4;7;5;7;9;3;1;0;0;0
2022-03-13;Arsenal;2;0;Leicester City;1;0;451;451;0.46;0.54;21;6;8;3;2;6;8;10;0;3;0;0
2022-03-13;Leverkusen;0;1;FC Koln;0;0;451;442;0.51;0.49;15;6;3;3;7;0;13;19;2;2;0;0
2022-03-13;Dortmund;1;0;Bielefeld;1;0;451;451;0.59;0.41;20;11;3;4;4;5;6;10;1;1;0;0
2022-03-13;E. Frankfurt;2;1;Bochum;0;1;343;433;0.51;0.49;14;8;3;4;9;3;10;15;3;4;0;0
2022-03-13;Greuther Furth;1;6;RB Leipzig;1;4;433;352;0.5;0.5;7;12;1;7;0;2;9;8;2;0;0;0
2022-03-14;Crystal Palace;0;0;Manchester City;0;0;433;433;0.262;0.738;7;19;1;4;2;6;6;11;3;1;0;0
2022-03-16;Brighton;0;2;Tottenham;0;1;451;343;0.482;0.518;15;17;0;7;6;3;11;9;2;2;0;0
2022-03-16;Arsenal;0;2;Liverpool;0;0;451;433;0.484;0.516;9;9;2;3;1;6;9;9;0;1;0;0
2022-03-16;FSV Mainz;0;1;Dortmund;0;0;352;451;0.43;0.57;10;11;1;4;5;5;18;10;3;4;0;0
2022-03-17;Everton;1;0;Newcastle Utd;0;0;451;433;0.383;0.617;9;17;3;6;5;7;13;11;2;1;1;0
2022-03-18;Wolverhampton;2;3;Leeds Utd;2;0;343;451;0.478;0.522;14;15;8;6;2;5;13;14;1;5;1;0
2022-03-18;Bochum;0;2;Monchengladbach;0;0;433;343;0.54;0.46;16;8;7;5;7;3;12;10;2;1;0;0
2022-03-19;Aston Villa;0;1;Arsenal;0;1;433;451;0.47;0.53;8;10;1;3;6;5;13;14;3;3;0;0
2022-03-19;FSV Mainz;4;0;Bielefeld;1;0;343;451;0.54;0.46;14;6;6;0;6;1;10;14;1;0;0;0
2022-03-19;Greuther Furth;0;0;Freiburg;0;0;352;451;0.44;0.56;8;13;1;3;1;11;15;9;1;0;0;0
2022-03-19;Hertha Berlin;3;0;Hoffenheim;1;0;451;352;0.32;0.68;13;8;6;0;1;6;10;13;2;1;0;0
2022-03-19;Stuttgart;3;2;FC Augsburg;1;2;433;343;0.6;0.4;25;10;9;4;8;0;13;17;2;3;0;0
2022-03-19;Bayern Munich;4;0;Union Berlin;3;0;451;352;0.68;0.32;16;9;7;4;3;2;8;7;2;1;0;0
2022-03-20;Leicester City;2;1;Brentford;2;0;451;433;0.528;0.472;12;15;4;6;2;5;10;10;1;2;0;0
2022-03-20;Tottenham;3;1;West Ham Utd;2;1;343;343;0.527;0.473;17;6;4;1;5;3;7;7;0;1;0;0
2022-03-20;RB Leipzig;0;0;E. Frankfurt;0;0;352;352;0.54;0.46;14;5;7;0;3;2;6;21;1;5;0;0
2022-03-20;Wolfsburg;0;2;Leverkusen;0;0;343;352;0.55;0.45;17;17;4;7;7;7;6;13;2;3;0;0
2022-03-20;FC Koln;1;1;Dortmund;1;1;442;451;0.57;0.43;10;9;1;3;7;5;13;16;2;3;0;0
2022-04-01;Union Berlin;1;0;FC Koln;0;0;352;451;0.42;0.58;13;6;5;1;2;4;17;11;3;3;0;0
2022-04-02;Liverpool;2;0;Watford;1;0;433;451;0.731;0.269;20;5;3;2;9;3;9;8;1;1;0;0
2022-04-02;Brighton;0;0;Norwich City;0;0;352;442;0.63;0.37;31;6;4;0;11;2;12;11;1;1;0;0
2022-04-02;Burnley;0;2;Manchester City;0;2;433;433;0.233;0.767;3;18;1;6;1;8;11;6;1;0;0;0
2022-04-02;Chelsea;1;4;Brentford;0;0;433;532;0.706;0.294;21;17;8;6;12;7;11;7;0;0;0;0
2022-04-02;Leeds Utd;1;1;Southampton;1;0;451;442;0.558;0.442;12;14;3;6;4;7;14;7;1;1;0;0
2022-04-02;Wolverhampton;2;1;Aston Villa;2;0;343;442;0.483;0.517;11;15;5;5;4;9;15;8;4;3;0;0
2022-04-02;Manchester Utd;1;1;Leicester City;0;0;451;451;0.539;0.461;11;11;5;3;6;5;13;6;2;2;0;0
2022-04-02;Bielefeld;1;1;Stuttgart;0;1;442;433;0.53;0.47;11;14;4;4;6;2;13;12;1;5;0;0
2022-04-02;E. Frankfurt;0;0;Greuther Furth;0;0;343;352;0.63;0.37;20;4;6;2;9;0;10;14;1;0;0;0
2022-04-02;Freiburg;1;4;Bayern Munich;0;0;343;451;0.41;0.59;8;21;3;11;1;6;13;6;1;1;0;0
2022-04-02;Hoffenheim;1;2;Bochum;0;1;352;433;0.56;0.44;14;20;7;6;5;6;9;11;3;2;0;0
2022-04-02;Leverkusen;2;1;Hertha Berlin;2;1;451;451;0.66;0.34;17;7;6;4;3;3;13;11;0;1;0;0
2022-04-02;Dortmund;1;4;RB Leipzig;0;2;343;352;0.61;0.39;10;11;2;5;7;5;7;10;3;1;0;0
2022-04-03;West Ham Utd;2;1;Everton;1;0;451;433;0.557;0.443;11;13;5;2;2;4;9;12;1;2;0;1
2022-04-03;Tottenham;5;1;Newcastle Utd;1;1;343;433;0.608;0.392;19;8;6;1;2;3;10;7;2;3;0;0
2022-04-03;FC Augsburg;3;0;Wolfsburg;1;0;442;343;0.43;0.57;13;17;5;5;3;5;15;10;1;0;0;0
2022-04-03;Monchengladbach;1;1;FSV Mainz;1;0;343;352;0.53;0.47;17;22;8;10;3;7;13;20;2;1;0;0
2022-04-04;Crystal Palace;3;0;Arsenal;2;0;451;451;0.314;0.686;6;12;5;3;0;2;11;15;0;2;0;0
2022-04-06;Burnley;3;2;Everton;1;2;442;433;0.509;0.491;13;16;4;4;9;6;11;16;2;2;0;0
2022-04-06;FC Augsburg;2;1;FSV Mainz;1;0;343;352;0.45;0.55;14;17;4;3;5;7;16;18;3;2;0;0
2022-04-08;Newcastle Utd;1;0;Wolverhampton;0;0;433;343;0.411;0.589;12;5;4;2;1;2;6;13;1;1;0;0
2022-04-08;Stuttgart;0;2;Dortmund;0;1;433;352;0.45;0.55;13;10;2;4;4;5;8;6;2;1;0;0
2022-04-09;Everton;1;0;Manchester Utd;1;0;433;451;0.325;0.675;7;12;3;4;5;7;4;10;2;2;0;0
2022-04-09;Arsenal;1;2;Brighton;0;1;451;352;0.646;0.354;20;8;4;3;11;2;12;19;3;4;0;0
2022-04-09;Southampton;0;6;Chelsea;0;4;442;352;0.29;0.71;4;24;1;14;2;3;11;10;1;0;0;0
2022-04-09;Watford;0;3;Leeds Utd;0;1;433;451;0.482;0.518;8;10;1;5;3;7;8;12;2;0;0;0
2022-04-09;Aston Villa;0;4;Tottenham;0;1;442;343;0.515;0.485;19;11;8;5;9;3;12;14;2;3;0;0
2022-04-09;Bayern Munich;1;0;FC Augsburg;0;0;451;442;0.64;0.36;13;6;4;1;3;3;10;22;1;2;0;0
2022-04-09;FC Koln;3;2;FSV Mainz;0;1;451;352;0.57;0.43;13;9;5;6;8;5;19;23;2;2;0;0
2022-04-09;Greuther Furth;0;2;Monchengladbach;0;2;352;343;0.54;0.46;10;18;1;7;3;5;12;8;1;0;0;0
2022-04-09;Wolfsburg;4;0;Bielefeld;2;0;343;352;0.5;0.5;11;6;6;3;3;2;11;13;0;1;0;0
2022-04-09;Hertha Berlin;1;4;Union Berlin;0;1;433;352;0.52;0.48;12;17;3;13;2;8;11;11;4;0;0;0
2022-04-10;Brentford;2;0;West Ham Utd;0;0;433;451;0.471;0.529;15;5;7;1;4;6;2;6;0;1;0;0
2022-04-10;Leicester City;2;1;Crystal Palace;2;0;451;451;0.508;0.492;12;11;3;3;3;4;11;12;1;1;0;0
2022-04-10;Norwich City;2;0;Burnley;1;0;451;442;0.449;0.551;17;18;6;4;6;7;12;10;1;1;0;0
2022-04-10;Manchester City;2;2;Liverpool;2;1;451;433;0.551;0.449;11;6;5;4;4;1;9;11;1;4;0;0
2022-04-10;Bochum;0;0;Leverkusen;0;0;433;451;0.46;0.54;11;9;2;2;2;3;10;9;0;0;0;0
2022-04-10;E. Frankfurt;1;2;Freiburg;0;1;343;451;0.54;0.46;17;12;5;4;2;4;13;9;1;2;0;0
2022-04-10;RB Leipzig;3;0;Hoffenheim;3;0;343;352;0.51;0.49;11;4;4;0;2;1;11;15;1;2;0;0
2022-04-16;Tottenham;0;1;Brighton;0;0;343;352;0.486;0.514;5;12;0;5;4;4;14;10;3;3;0;0
2022-04-16;Manchester Utd;3;2;Norwich City;2;1;433;451;0.608;0.392;20;15;9;4;6;7;8;6;0;0;0;0
2022-04-16;Southampton;1;0;Arsenal;1;0;343;451;0.243;0.757;9;23;3;6;6;8;6;6;2;1;0;0
2022-04-16;Watford;1;2;Brentford;0;1;433;433;0.509;0.491;17;16;4;5;6;5;11;9;2;1;0;0
2022-04-16;Dortmund;6;1;Wolfsburg;5;0;343;343;0.59;0.41;12;9;8;4;4;6;14;9;0;2;0;0
2022-04-16;FC Augsburg;0;1;Hertha Berlin;0;0;451;451;0.58;0.42;13;11;2;1;1;7;14;17;4;4;0;0
2022-04-16;Freiburg;3;0;Bochum;2;0;451;433;0.61;0.39;14;11;8;2;3;4;8;10;0;0;0;1
2022-04-16;FSV Mainz;0;0;Stuttgart;0;0;352;433;0.49;0.51;9;6;0;3;5;3;17;12;0;1;0;0
2022-04-16;Monchengladbach;1;3;FC Koln;0;3;343;451;0.56;0.44;18;17;4;6;5;5;15;19;3;2;0;0
2022-04-17;Newcastle Utd;2;1;Leicester City;1;1;433;451;0.313;0.687;16;8;7;2;3;5;10;10;2;2;0;0
2022-04-17;West Ham Utd;1;1;Burnley;0;1;451;442;0.611;0.389;21;9;8;1;13;4;9;10;2;2;0;0
2022-04-17;Bielefeld;0;3;Bayern Munich;0;2;442;343;0.33;0.67;8;24;3;9;5;4;11;11;1;2;0;0
2022-04-17;Hoffenheim;0;0;Greuther Furth;0;0;352;352;0.55;0.45;16;7;3;1;10;1;19;15;3;3;0;0
2022-04-17;Union Berlin;2;0;E. Frankfurt;2;0;352;343;0.45;0.55;14;10;4;3;4;3;10;8;2;1;0;0
2022-04-17;Leverkusen;0;1;RB Leipzig;0;0;352;352;0.47;0.53;12;4;4;1;7;1;18;7;2;1;0;0
2022-04-19;Liverpool;4;0;Manchester Utd;2;0;433;343;0.716;0.284;14;2;5;1;9;2;3;6;1;2;0;0
2022-04-20;Chelsea;2;4;Arsenal;2;2;352;451;0.68;0.32;11;14;2;4;6;1;7;6;3;1;0;0
2022-04-20;Everton;1;1;Leicester City;0;1;433;451;0.367;0.633;13;11;3;3;5;4;8;17;4;2;0;0
2022-04-20;Newcastle Utd;1;0;Crystal Palace;1;0;433;451;0.363;0.637;13;10;4;2;2;5;12;12;1;1;0;0
2022-04-20;Manchester City;3;0;Brighton;0;0;433;352;0.651;0.349;17;2;5;1;7;4;12;7;0;3;0;0
2022-04-21;Burnley;2;0;Southampton;2;0;442;352;0.434;0.566;16;11;6;3;10;10;7;7;2;2;0;0
2022-04-22;Wolfsburg;5;0;FSV Mainz;5;0;433;352;0.59;0.41;15;5;8;3;2;3;10;10;0;2;0;1
2022-04-23;Arsenal;3;1;Manchester Utd;2;1;451;451;0.549;0.451;14;14;7;5;1;7;9;12;3;4;0;0
2022-04-23;Leicester City;0;0;Aston Villa;0;0;451;433;0.641;0.359;5;11;2;3;7;6;15;16;3;2;0;0
2022-04-23;Manchester City;5;1;Watford;3;1;451;433;0.74;0.26;21;5;8;2;11;4;9;7;1;0;0;0
2022-04-23;Norwich City;0;3;Newcastle Utd;0;2;451;433;0.454;0.546;5;13;2;7;2;3;11;10;0;2;0;0
2022-04-23;Brentford;0;0;Tottenham;0;0;532;343;0.44;0.56;15;9;2;0;12;8;8;7;2;1;0;0
2022-04-23;E. Frankfurt;2;2;Hoffenheim;1;1;343;343;0.52;0.48;17;11;7;4;9;7;10;9;1;3;0;0
2022-04-23;FC Koln;3;1;Bielefeld;2;1;451;442;0.56;0.44;19;16;6;4;5;10;7;15;2;3;0;0
2022-04-23;Freiburg;3;3;Monchengladbach;0;2;451;352;0.6;0.4;19;7;8;4;8;0;12;12;1;4;0;0
2022-04-23;Greuther Furth;1;4;Leverkusen;1;2;352;451;0.52;0.48;9;10;4;5;6;3;4;13;0;0;0;0
2022-04-23;RB Leipzig;1;2;Union Berlin;0;0;343;352;0.54;0.46;5;12;1;4;2;5;13;9;2;2;0;0
2022-04-23;Bayern Munich;3;1;Dortmund;2;0;343;451;0.59;0.41;13;7;6;3;3;1;9;11;0;1;0;0
2022-04-24;Brighton;2;2;Southampton;2;1;442;442;0.488;0.512;8;18;5;5;6;6;12;7;1;0;0;0
2022-04-24;Burnley;1;0;Wolverhampton;0;0;442;343;0.359;0.641;14;10;5;4;3;6;8;7;3;1;0;0
2022-04-24;Chelsea;1;0;West Ham Utd;0;0;352;343;0.666;0.334;26;6;5;2;3;1;11;9;1;0;0;1
2022-04-24;Liverpool;2;0;Everton;0;0;433;433;0.824;0.176;18;9;4;1;13;1;8;8;2;5;0;0
2022-04-24;Bochum;0;2;FC Augsburg;0;2;433;343;0.59;0.41;18;12;3;4;10;4;10;17;1;3;0;0
2022-04-24;Hertha Berlin;2;0;Stuttgart;1;0;451;433;0.44;0.56;7;12;2;5;4;6;10;8;1;1;0;0
2022-04-25;Crystal Palace;0;0;Leeds Utd;0;0;433;451;0.525;0.475;17;9;7;2;6;3;12;13;2;2;0;0
2022-04-28;Manchester Utd;1;1;Chelsea;0;0;451;352;0.352;0.648;6;21;3;6;2;9;9;12;0;1;0;0
2022-04-29;Union Berlin;1;1;Greuther Furth;0;1;352;343;0.5;0.5;6;7;3;2;2;4;14;14;2;2;0;0
